Year,Date,Title,Words,URLs,Categories
2002,01-01-2002,"01 Jan 2002",46,http://roytang.net/2002/01/01-jan-2002/,"Legacy Blog Posts"
2002,03-01-2002,"03 Jan 2002",310,http://roytang.net/2002/01/03-jan-2002/,"Legacy Blog Posts"
2002,04-01-2002,"04 Jan 2002",41,http://roytang.net/2002/01/04-jan-2002/,"Legacy Blog Posts"
2002,06-01-2002,"06 Jan 2002",136,http://roytang.net/2002/01/06-jan-2002/,"Legacy Blog Posts"
2002,07-01-2002,"07 Jan 2002",188,http://roytang.net/2002/01/07-jan-2002/,"Legacy Blog Posts"
2002,12-01-2002,"12 Jan 2002",112,http://roytang.net/2002/01/12-jan-2002/,"Legacy Blog Posts"
2002,12-02-2002,"12 Feb 2002",294,http://roytang.net/2002/02/12-feb-2002/,"Legacy Blog Posts"
2002,01-04-2002,"Beavers and Ducks",198,http://roytang.net/2002/04/beavers-and-ducks/,"Legacy Blog Posts"
2002,05-04-2002,"Do it to Julia!",44,http://roytang.net/2002/04/do-it-to-julia/,"Just Another Day"
2002,14-04-2002,"Someday we&#8217;ll all look back and laugh.",550,http://roytang.net/2002/04/someday-we39ll-all-look-back-and-laugh/,"Legacy Blog Posts"
2002,20-04-2002,"Snorks are underwater smurfs.",61,http://roytang.net/2002/04/snorks-are-underwater-smurfs/,"Just Another Day"
2002,28-04-2002,"Jobless: Is there even any hope?",764,http://roytang.net/2002/04/jobless-is-there-even-any-hope/,"Job Hunting"
2002,24-05-2002,"Hoshigami: Ruining Blue Earth",948,http://roytang.net/2002/05/hoshigami-ruining-blue-earth/,Gaming
2002,30-06-2002,"The One Where I Run My Mouth, As Usual",223,http://roytang.net/2002/06/the-one-where-i-run-my-mouth-as-usual/,"Legacy Blog Posts"
2002,02-07-2002,"Interview With Texas Instruments",224,http://roytang.net/2002/07/interview-with-texas-instruments/,"Job Hunting"
2002,10-07-2002,"Cheap Rushing",332,http://roytang.net/2002/07/cheap-rushing/,Gaming
2002,12-07-2002,"rant.07.12.2002: personal websites",1138,http://roytang.net/2002/07/rant-07-12-2002-personal-websites/,"Legacy Blog Posts"
2002,06-08-2002,"They Don&amp;#39;t Know What They&amp;#39;re Missing",936,http://roytang.net/2002/08/they-don39t-know-what-they39re-missing/,"Job Hunting"
2002,10-08-2002,"Birthday #24",224,http://roytang.net/2002/08/birthday-24/,"Just Another Day"
2002,14-09-2002,"Bourne Identity, Goldmember, Signs",912,http://roytang.net/2002/09/bourne-identity-goldmember-signs/,"Legacy Blog Posts"
2002,30-11-2002,"Square Enix",925,http://roytang.net/2002/11/square-enix/,Gaming
2002,31-12-2002,"31 Dec 2002: Happy New Year&#8230;whatever&#8230;",165,http://roytang.net/2002/12/31-dec-2002-happy-new-year-whatever/,"Just Another Day"
2003,19-01-2003,"19 Jan 2003: I need more screws!",191,http://roytang.net/2003/01/19-jan-2003-i-need-more-screws/,Hardware
2003,23-01-2003,"23 Jan 2003: Working Joe",160,http://roytang.net/2003/01/23-jan-2003-working-joe/,"Legacy Blog Posts"
2003,12-04-2003,"The Recruit",386,http://roytang.net/2003/04/the-recruit/,"Legacy Blog Posts"
2003,13-06-2003,"13-JUN-2003: No Title",524,http://roytang.net/2003/06/13-jun-2003-no-title/,"Just Another Day"
2003,23-07-2003,"23-JUL-2003: Wow, free time!",325,http://roytang.net/2003/07/23-jul-2003-wow-free-time/,"Just Another Day"
2003,27-07-2003,"27-JUL-2003: I have made a terrible mistake",179,http://roytang.net/2003/07/27-jul-2003-i-have-made-a-terrible-mistake/,Gaming
2003,14-08-2003,"14-AUG-2003: Quarter-Life Crisis",203,http://roytang.net/2003/08/14-aug-2003-quarter-life-crisis/,"Just Another Day"
2003,27-10-2003,"New Beginning",199,http://roytang.net/2003/10/new-beginning/,Meta
2003,30-10-2003,"The First Time I Hated Users",119,http://roytang.net/2003/10/the-first-time-i-hated-users/,"Software Development"
2003,01-11-2003,"All Saints and Souls",304,http://roytang.net/2003/11/all-saints-and-souls/,Gaming
2003,02-11-2003,"Moved to Fateback",67,http://roytang.net/2003/11/moved-to-fateback/,"Legacy Blog Posts"
2003,04-11-2003,W3Chart,35,http://roytang.net/2003/11/w3chart-2/,Gaming
2003,09-11-2003,Revolutions,165,http://roytang.net/2003/11/revolutions/,Gaming
2003,17-11-2003,Stompy,211,http://roytang.net/2003/11/stompy/,"Just Another Day"
2003,26-11-2003,"Windows XP: Luna",76,http://roytang.net/2003/11/windows-xp-luna/,"Tech Life"
2003,26-11-2003,"Final Fantasy X-2: First Impressions",320,http://roytang.net/2003/11/final-fantasy-x-2-first-impressions/,Gaming
2003,26-11-2003,"Knights of the Old Republic",119,http://roytang.net/2003/11/knights-of-the-old-republic/,Gaming
2003,06-12-2003,Manna,11,http://roytang.net/2003/12/manna/,Review
2003,11-12-2003,"Some Gaming Links",201,http://roytang.net/2003/12/some-gaming-links/,Gaming
2003,12-12-2003,"That&#8217;s L33T&#8230;",38,http://roytang.net/2003/12/that39s-l33t/,"Software Development"
2003,28-12-2003,"The Captain&#8217;s Hat",11,http://roytang.net/2003/12/the-captain39s-hat/,Gaming
2004,18-04-2004,"Roy goes to HK",80,http://roytang.net/2004/04/roy-goes-to-hk/,Travels
2004,18-04-2004,"What to do with this website?",44,http://roytang.net/2004/04/what-to-do-with-this-website/,Meta
2004,10-05-2004,"Halalan 2004",358,http://roytang.net/2004/05/halalan-2004/,Philippines
2004,12-05-2004,"Sweet Sweet Vacation Time",296,http://roytang.net/2004/05/sweet-sweet-vacation-time/,"Just Another Day"
2004,12-05-2004,"So I Went to HK&#8230;",1405,http://roytang.net/2004/05/so-i-went-to-hk/,Travels
2004,25-05-2004,"Pinoy Culture: Hawakan Mo Nga Sa Tenga",116,http://roytang.net/2004/05/pinoy-culture-hawakan-mo-nga-sa-tenga/,"Just Another Day"
2004,29-05-2004,"Games: N",22,http://roytang.net/2004/05/games-n/,Gaming
2004,27-06-2004,"Pinoy Culture: Thank God It&#8217;s Over",447,http://roytang.net/2004/06/pinoy-culture-thank-god-it39s-over/,Philippines
2004,27-06-2004,"Games: Naruto: Narutimate Hero",429,http://roytang.net/2004/06/games-naruto-narutimate-hero/,Gaming
2004,01-07-2004,"I swear I get the weirdest dreams&#8230;",54,http://roytang.net/2004/07/i-swear-i-get-the-weirdest-dreams/,"Just Another Day"
2004,02-07-2004,"Games: Maniac Mansion Deluxe",133,http://roytang.net/2004/07/games-maniac-mansion-deluxe/,Gaming
2004,04-07-2004,"Movies: Spiderman 2",112,http://roytang.net/2004/07/movies-spiderman-2/,Movies
2004,11-07-2004,"On Internet Quizzes",165,http://roytang.net/2004/07/on-internet-quizzes/,"Just Another Day"
2004,13-07-2004,"Games: Bethesda to Make Fallout 3!",29,http://roytang.net/2004/07/games-bethesda-to-make-fallout-3/,Gaming
2004,17-07-2004,"Current Events: RP troops to withdraw from Iraq",629,http://roytang.net/2004/07/current-events-rp-troops-to-withdraw-from-iraq/,Philippines
2004,19-07-2004,"Online Jigsaw Puzzles!",7,http://roytang.net/2004/07/online-jigsaw-puzzles/,Gaming
2004,20-07-2004,"The Metamorphosis of Prime Intellect",14,http://roytang.net/2004/07/the-metamorphosis-of-prime-intellect/,Links
2004,01-08-2004,"New Hardware",105,http://roytang.net/2004/08/new-hardware/,Hardware
2004,28-08-2004,"August&#8217;s End",160,http://roytang.net/2004/08/august39s-end/,Links
2004,28-08-2004,"Life-Changing Events",578,http://roytang.net/2004/08/life-changing-events/,"Just Another Day"
2004,28-08-2004,"The Dictatorship of Stone-Cold Bison",34,http://roytang.net/2004/08/the-dictatorship-of-stone-cold-bison/,Gaming
2004,29-08-2004,"Internet Scrabble!",30,http://roytang.net/2004/08/internet-scrabble/,Gaming
2004,05-09-2004,"Liberated Games",71,http://roytang.net/2004/09/liberated-games/,Gaming
2004,12-09-2004,"Things To Do",365,http://roytang.net/2004/09/things-to-do/,Gaming
2004,12-09-2004,"Celsius Desktop",35,http://roytang.net/2004/09/celsius-desktop/,Gaming
2004,17-09-2004,"Lego Heroes, They Fight Crime!",96,http://roytang.net/2004/09/lego-heroes-they-fight-crime/,Links
2004,21-09-2004,"Petals Around The Rose",11,http://roytang.net/2004/09/petals-around-the-rose/,Gaming
2004,22-09-2004,"An Open Letter to the Entertainment Industry",93,http://roytang.net/2004/09/an-open-letter-to-the-entertainment-industry/,Gaming
2004,17-10-2004,"About the JITSE, and Exams in general",240,http://roytang.net/2004/10/about-the-jitse-and-exams-in-general/,"Just Another Day"
2004,17-10-2004,"Where Have I Been&#8230;",335,http://roytang.net/2004/10/where-have-i-been/,"Just Another Day"
2004,17-10-2004,Unrequited,1128,http://roytang.net/2004/10/unrequited/,"Just Another Day"
2004,18-10-2004,"Taxi Tales",374,http://roytang.net/2004/10/taxi-tales/,"Just Another Day"
2004,19-10-2004,"Bad Bowler!",36,http://roytang.net/2004/10/bad-bowler/,"Just Another Day"
2004,20-10-2004,"Google Desktop",46,http://roytang.net/2004/10/google-desktop/,"Tech Life"
2004,21-10-2004,"This is me being surprised",5,http://roytang.net/2004/10/this-is-me-being-surprised/,"Software Development"
2004,22-10-2004,"Energy Bliss",21,http://roytang.net/2004/10/energy-bliss/,"Tech Life"
2004,23-10-2004,"Firefox 1.0 on November 9",83,http://roytang.net/2004/10/firefox-1-0-on-november-9/,"Tech Life"
2004,24-10-2004,Sinfest!,101,http://roytang.net/2004/10/sinfest/,"Software Development"
2004,25-10-2004,"The 48 Laws of Power",429,http://roytang.net/2004/10/the-48-laws-of-power/,Books
2004,27-10-2004,"Best Software Essays",52,http://roytang.net/2004/10/best-software-essays/,"Software Development"
2004,29-10-2004,"I Vow Revenge!",98,http://roytang.net/2004/10/i-vow-revenge/,"Just Another Day"
2004,29-10-2004,"GTA III for the NES?",18,http://roytang.net/2004/10/gta-iii-for-the-nes/,Gaming
2004,30-10-2004,"Getting Away From It All",113,http://roytang.net/2004/10/getting-away-from-it-all/,Travels
2004,31-10-2004,"Posting From the Boondocks",297,http://roytang.net/2004/10/posting-from-the-boondocks/,Travels
2004,31-10-2004,"Firefox in 98?",28,http://roytang.net/2004/10/firefox-in-98/,"Tech Life"
2004,03-11-2004,"Daet, Camarines Norte",463,http://roytang.net/2004/11/daet-camarines-norte/,Travels
2004,03-11-2004,"My Eyeglasses Belong To The Sea",251,http://roytang.net/2004/11/my-eyeglasses-belong-to-the-sea/,"Just Another Day"
2004,04-11-2004,Cryptonomicon,696,http://roytang.net/2004/11/cryptonomicon/,Books
2004,12-11-2004,"I&amp;#39;ve Been Busy&#8230;and Wizardry 7",201,http://roytang.net/2004/11/i39ve-been-busy-and-wizardry-7/,Gaming
2004,12-11-2004,"Tonight On The Net 20041112",109,http://roytang.net/2004/11/tonight-on-the-net-20041112/,Links
2004,14-11-2004,"Who Am I?",648,http://roytang.net/2004/11/who-am-i/,"Just Another Day"
2004,15-11-2004,"The Alchemist",439,http://roytang.net/2004/11/the-alchemist/,Books
2004,21-11-2004,"Web-Based Games",209,http://roytang.net/2004/11/web-based-games/,Gaming
2004,22-11-2004,"Radiohead, Copyright and Popular Music",490,http://roytang.net/2004/11/radiohead-copyright-and-popular-music/,Music
2004,23-11-2004,"I Like To Read",594,http://roytang.net/2004/11/i-like-to-read/,Books
2004,24-11-2004,"The Waste Lands &#8211; Found",82,http://roytang.net/2004/11/the-waste-lands-found/,Books
2004,02-12-2004,Requiem,459,http://roytang.net/2004/12/requiem/,"Just Another Day"
2004,06-12-2004,"A New Dawn May Rise",77,http://roytang.net/2004/12/a-new-dawn-may-rise/,"Just Another Day"
2004,06-12-2004,"Team Sealed!",143,http://roytang.net/2004/12/team-sealed/,"Magic the Gathering"
2004,09-12-2004,"I Get Bored Easily",131,http://roytang.net/2004/12/i-get-bored-easily/,"Just Another Day"
2004,12-12-2004,"Mighty Forest Ranger Taxi Driver",725,http://roytang.net/2004/12/mighty-forest-ranger-taxi-driver/,"Just Another Day"
2004,24-12-2004,"Excel problem",257,http://roytang.net/2004/12/excel-problem/,"Software Development"
2004,24-12-2004,"Christmas of 2004",367,http://roytang.net/2004/12/christmas-of-2004/,"Just Another Day"
2005,11-01-2005,"2004  &#8211; Year of Many Things",687,http://roytang.net/2005/01/2004-year-of-many-things/,"Just Another Day"
2005,11-01-2005,"The Past Comes Back to Haunt Us",663,http://roytang.net/2005/01/the-past-comes-back-to-haunt-us/,Meta
2005,18-01-2005,w3chart,36,http://roytang.net/2005/01/w3chart/,Gaming
2005,23-01-2005,"Games: Star Ocean &#8211; Till the End of Time",909,http://roytang.net/2005/01/games-star-ocean-till-the-end-of-time/,Gaming
2005,24-01-2005,"A Giant Hammer",66,http://roytang.net/2005/01/a-giant-hammer/,"Just Another Day"
2005,27-01-2005,"Games: Namco, Capcom Combine Forces to Create Sim-RPG",62,http://roytang.net/2005/01/games-namco-capcom-combine-forces-to-create-sim-rpg/,Gaming
2005,31-01-2005,"Games: 40-year old cabbie is a MMO Player",66,http://roytang.net/2005/01/games-40-year-old-cabbie-is-a-mmo-player/,Gaming
2005,01-02-2005,"Books: ABNKKBSKNPLAko? by Bob Ong",237,http://roytang.net/2005/02/books-abnkkbsknplako-by-bob-ong/,Books
2005,01-02-2005,"Comics: Ctrl Alt Del &#8211; Tragically l337",53,http://roytang.net/2005/02/comics-ctrl-alt-del-tragically-l337/,Comics
2005,02-02-2005,"Xbox Millennium Falcon",32,http://roytang.net/2005/02/xbox-millennium-falcon/,"Just Another Day"
2005,06-02-2005,"Some thoughts on piracy",547,http://roytang.net/2005/02/some-thoughts-on-piracy/,Gaming
2005,10-02-2005,"Games: Why Sony&#8217;s PSP will suck",327,http://roytang.net/2005/02/games-why-sony39s-psp-will-suck/,Gaming
2005,13-02-2005,"Piracy, the MRT/LRT and Mall Security",350,http://roytang.net/2005/02/piracy-the-mrtlrt-and-mall-security/,Philippines
2005,14-02-2005,"Bomb blasts rock RP Cities",124,http://roytang.net/2005/02/bomb-blasts-rock-rp-cities/,Philippines
2005,14-02-2005,Interlude,74,http://roytang.net/2005/02/interlude/,"Just Another Day"
2005,16-02-2005,"Games: Legend of Zelda &#8211; Minish Cap",507,http://roytang.net/2005/02/games-legend-of-zelda-minish-cap/,Gaming
2005,17-02-2005,"And Now For Something Different &#8211; Music",275,http://roytang.net/2005/02/and-now-for-something-different-music/,Music
2005,05-03-2005,"My First Nigerian Spam",41,http://roytang.net/2005/03/my-first-nigerian-spam/,"Tech Life"
2005,06-03-2005,"Books: More Bob Ong",369,http://roytang.net/2005/03/books-more-bob-ong/,Books
2005,08-03-2005,Sleep,76,http://roytang.net/2005/03/sleep/,"Just Another Day"
2005,11-03-2005,"To the Tale, and Other Such Concerns: The Hunt is On",95,http://roytang.net/2005/03/to-the-tale-and-other-such-concerns-the-hunt-is-on/,"Just Another Day"
2005,11-03-2005,"Movie-ID puzzle",36,http://roytang.net/2005/03/movie-id-puzzle/,Gaming
2005,20-03-2005,"Schrodinger&amp;#39;s Gate",351,http://roytang.net/2005/03/schrodinger39s-gate/,"Just Another Day"
2005,24-03-2005,Broadband!,13,http://roytang.net/2005/03/broadband/,"Just Another Day"
2005,24-03-2005,"Books: Dark Tower series",351,http://roytang.net/2005/03/books-dark-tower-series/,Books
2005,25-03-2005,"In Progress, But Sleepy",274,http://roytang.net/2005/03/in-progress-but-sleepy/,JavaScript
2005,26-03-2005,"Games: Warcraft III &#8211; Rude And Annoying Teammates",845,http://roytang.net/2005/03/games-warcraft-iii-rude-and-annoying-teammates/,Gaming
2005,28-03-2005,"Graduation Day, and 10 Years After",574,http://roytang.net/2005/03/graduation-day-and-10-years-after/,"Just Another Day"
2005,09-04-2005,"The Gender Genie",52,http://roytang.net/2005/04/the-gender-genie/,"Just Another Day"
2005,10-04-2005,"Congrats Neil",68,http://roytang.net/2005/04/congrats-neil/,"Just Another Day"
2005,11-04-2005,"Games: Timesplitters III",242,http://roytang.net/2005/04/games-timesplitters-iii/,Gaming
2005,11-04-2005,"Free WordPress Hosting",269,http://roytang.net/2005/04/free-wordpress-hosting/,Meta
2005,13-04-2005,"Games: Suikoden IV",780,http://roytang.net/2005/04/games-suikoden-iv/,Gaming
2005,13-04-2005,"Nuns and Earthquakes",152,http://roytang.net/2005/04/nuns-and-earthquakes/,"Just Another Day"
2005,20-04-2005,"Sega Fantasy VI",30,http://roytang.net/2005/04/sega-fantasy-vi/,Gaming
2005,30-04-2005,INTP,150,http://roytang.net/2005/04/intp/,"Just Another Day"
2005,01-05-2005,Tired,565,http://roytang.net/2005/05/tired/,"Just Another Day"
2005,02-05-2005,"Weekend Status Report",342,http://roytang.net/2005/05/weekend-status-report/,"Just Another Day"
2005,02-05-2005,"PIMP MY RIG &#8212; we test parts for you..",119,http://roytang.net/2005/05/pimp-my-rig-we-test-parts-for-you/,Hardware
2005,08-05-2005,"Wheel of Time 10 &#8211; Crossroads of Twilight",183,http://roytang.net/2005/05/wheel-of-time-10-crossroads-of-twilight/,Books
2005,08-05-2005,"CSS-Based Design",138,http://roytang.net/2005/05/css-based-design/,"Software Development"
2005,08-05-2005,"Sweet Glorious Rain",45,http://roytang.net/2005/05/sweet-glorious-rain/,"Just Another Day"
2005,09-05-2005,"That&#8217;s Just Swell",89,http://roytang.net/2005/05/that39s-just-swell/,"Just Another Day"
2005,15-05-2005,"The girl and Ashton Kutcher",158,http://roytang.net/2005/05/the-girl-and-ashton-kutcher/,Opinions
2005,23-05-2005,Hypertension,94,http://roytang.net/2005/05/hypertension/,"Just Another Day"
2005,25-05-2005,"Movies: Revenge of the Sith",456,http://roytang.net/2005/05/movies-revenge-of-the-sith/,Movies
2005,26-05-2005,Gateway,206,http://roytang.net/2005/05/gateway/,"Just Another Day"
2005,29-05-2005,"Movies: Transformers the Movie",751,http://roytang.net/2005/05/movies-transformers-the-movie/,Movies
2005,30-05-2005,"Confessions, Part I",32,http://roytang.net/2005/05/confessions-part-i/,"Just Another Day"
2005,07-06-2005,"Politics &#8211; Alleged Destabliziation Tape",310,http://roytang.net/2005/06/politics-alleged-destabliziation-tape/,Philippines
2005,08-06-2005,"Bitty Browser",56,http://roytang.net/2005/06/bitty-browser/,"Tech Life"
2005,09-06-2005,"The Sort of Conversations I Have At Work",98,http://roytang.net/2005/06/the-sort-of-conversations-i-have-at-work/,"Just Another Day"
2005,14-06-2005,"Music Quiz",22,http://roytang.net/2005/06/music-quiz/,Music
2005,16-06-2005,Yahoo!,530,http://roytang.net/2005/06/yahoo/,"Software Development"
2005,19-06-2005,"Movies: Batman Begins",300,http://roytang.net/2005/06/movies-batman-begins/,Movies
2005,22-06-2005,"Radio is so Primitive",301,http://roytang.net/2005/06/radio-is-so-primitive/,"Just Another Day"
2005,10-07-2005,"Gloriagate &#8211; Notes on the PCIJ Transcript",934,http://roytang.net/2005/07/gloriagate-notes-on-the-pcij-transcript/,Philippines
2005,10-07-2005,"Movies: Fantastic Four",460,http://roytang.net/2005/07/movies-fantastic-four/,Movies
2005,10-07-2005,"Hipster PDA?",112,http://roytang.net/2005/07/hipster-pda/,"Tech Life"
2005,12-07-2005,"Gloriagate &#8211; Now is not the time",322,http://roytang.net/2005/07/gloriagate-now-is-not-the-time/,Philippines
2005,17-07-2005,"Linux is shareware?",38,http://roytang.net/2005/07/linux-is-shareware/,"Tech Life"
2005,14-08-2005,"I&#8217;m Back. And I&#8217;m 27.",101,http://roytang.net/2005/08/i39m-back-and-i39m-27/,"Just Another Day"
2005,14-08-2005,"HTML/CSS Trickery",75,http://roytang.net/2005/08/htmlcss-trickery/,"Software Development"
2005,14-08-2005,"A hundred pirated games",161,http://roytang.net/2005/08/a-hundred-pirated-games/,Gaming
2005,14-08-2005,"Pop Ratio",89,http://roytang.net/2005/08/pop-ratio/,"Just Another Day"
2005,14-08-2005,Webhosting?,78,http://roytang.net/2005/08/webhosting/,Meta
2005,24-08-2005,"Google Talk",152,http://roytang.net/2005/08/google-talk/,"Tech Life"
2005,05-09-2005,"Two Weeks of Freedom",109,http://roytang.net/2005/09/two-weeks-39a-freedom/,"Just Another Day"
2005,05-09-2005,"Total Hard Drive Space: Tripled!",334,http://roytang.net/2005/09/total-hard-drive-space-tripled/,"Tech Life"
2005,05-09-2005,"The A-Team!",185,http://roytang.net/2005/09/the-a-team/,"TV Series"
2005,05-09-2005,"Books: Dark Tower V &#8211; Wolves of the Calla",408,http://roytang.net/2005/09/books-dark-tower-v-wolves-of-the-calla/,Books
2005,06-09-2005,"The Good, The Bad and the Ugly",197,http://roytang.net/2005/09/the-good-the-bad-and-the-ugly/,Movies
2005,08-09-2005,"Games &#8211; World of Warcraft",307,http://roytang.net/2005/09/games-world-of-warcraft/,Gaming
2005,10-09-2005,"Looking for a phone and finding bad webapps",461,http://roytang.net/2005/09/looking-for-a-phone-and-finding-bad-webapps/,"Software Development"
2005,12-09-2005,"Manny Pacquiao",96,http://roytang.net/2005/09/manny-pacquiao/,Philippines
2005,14-09-2005,"Books &#8211; Neverwhere",266,http://roytang.net/2005/09/books-neverwhere/,Books
2005,17-09-2005,"Final Fantasy VII &#8211; Advent Children",241,http://roytang.net/2005/09/final-fantasy-vii-advent-children/,Gaming
2005,22-10-2005,"On Journalling, or How Hard It Is to Keep Up a Blog",434,http://roytang.net/2005/10/on-journalling-or-how-hard-it-is-to-keep-up-a-blog/,Writing
2005,23-10-2005,"Idyllic Sundays",98,http://roytang.net/2005/10/idyllic-sundays/,"Just Another Day"
2005,23-10-2005,"I Have A Phone! (Nokia 6020)",236,http://roytang.net/2005/10/i-have-a-phone-nokia-6020/,Hardware
2005,25-10-2005,"When Are You Sick Enough to Call In Sick?",79,http://roytang.net/2005/10/when-are-you-sick-enough-to-call-in-sick/,"Just Another Day"
2005,25-10-2005,"World of Warcraft &#8211; Gorilla press!",9,http://roytang.net/2005/10/world-of-warcraft-gorilla-press/,Gaming
2005,25-10-2005,"SessionSaver Firefox Extension and Page State",79,http://roytang.net/2005/10/sessionsaver-firefox-extension-and-page-state/,"Tech Life"
2005,27-10-2005,"I Am Selling An Old Monitor",12,http://roytang.net/2005/10/i-am-selling-an-old-monitor/,Hardware
2005,28-10-2005,"Games &#8211; Walk of Game",92,http://roytang.net/2005/10/games-walk-of-game/,Gaming
2005,29-10-2005,"Sunday Work and Naruto Fillers",117,http://roytang.net/2005/10/sunday-work-and-naruto-fillers/,"TV Series"
2005,04-12-2005,"Comics &#8211; Batgirl",237,http://roytang.net/2005/12/comics-batgirl/,Comics
2005,04-12-2005,"Random Java Programs",139,http://roytang.net/2005/12/random-java-programs/,"Software Development"
2005,05-12-2005,"The Left Half of My Mouth is Numb, Thanks",169,http://roytang.net/2005/12/the-left-half-of-my-mouth-is-numb-thanks/,"Just Another Day"
2005,11-12-2005,"Music &#8211; Ultraelectromagnetic Jam",379,http://roytang.net/2005/12/music-ultraelectromagnetic-jam/,Music
2005,11-12-2005,"Moving Things Around A Bit",186,http://roytang.net/2005/12/moving-things-around-a-bit/,Meta
2005,25-12-2005,"Games &#8211; I Give Up On Dragon Quest VIII",165,http://roytang.net/2005/12/games-i-give-up-on-dragon-quest-viii/,Gaming
2005,30-12-2005,"How Would It Feel to Be A Developer-Slave?",62,http://roytang.net/2005/12/how-would-it-feel-to-be-a-developer-slave/,Gaming
2005,31-12-2005,"Games &#8211; Civilization 4",403,http://roytang.net/2005/12/games-civilization-4/,Gaming
2006,01-01-2006,"I Wish I Had Something Snazzy To Say About The New Year",106,http://roytang.net/2006/01/i-wish-i-had-something-snazzy-to-say-about-the-new-year/,"Job Hunting"
2006,01-01-2006,"I Wasn&#8217;t Planning On Making Resolutions&#8230;",14,http://roytang.net/2006/01/i-wasn39t-planning-on-making-resolutions/,"Just Another Day"
2006,10-01-2006,"Adventures in Linux Land, Part 1",195,http://roytang.net/2006/01/adventures-in-linux-land-part-1/,"Tech Life"
2006,29-01-2006,"How to Organize a Cluttered Mind?",867,http://roytang.net/2006/01/how-to-organize-a-cluttered-mind/,"Just Another Day"
2006,29-01-2006,"Users don&#8217;t know what they want.",17,http://roytang.net/2006/01/users-don39t-know-what-they-want/,"Software Development"
2006,04-02-2006,"Welcome to roytang.net",156,http://roytang.net/2006/02/welcome-to-roytang-net/,Meta
2006,05-02-2006,"Deadly Noontime Shows",242,http://roytang.net/2006/02/deadly-noontime-shows/,Philippines
2006,07-02-2006,"God&#8217;s Debris by Scott Adams",251,http://roytang.net/2006/02/god39s-debris-by-scott-adams/,Books
2006,07-02-2006,"On the Mohammed Cartoons Issue",255,http://roytang.net/2006/02/on-the-mohammed-cartoons-issue/,Opinions
2006,13-02-2006,"Looking Out Over Punta Fuego",235,http://roytang.net/2006/02/looking-out-over-punta-fuego/,Travels
2006,13-02-2006,"I Wanted to Run Away And Start A New Life",330,http://roytang.net/2006/02/i-wanted-to-run-away-and-start-a-new-life/,"Just Another Day"
2006,15-02-2006,"Today&#8217;s del.icio.us bookmarks",62,http://roytang.net/2006/02/today39s-del-icio-us-bookmarks-3/,Links
2006,15-02-2006,"Open Up and Say Yumburger.",199,http://roytang.net/2006/02/open-up-and-say-yumburger/,Philippines
2006,16-02-2006,"Today&#8217;s del.icio.us bookmarks",42,http://roytang.net/2006/02/today39s-del-icio-us-bookmarks-2/,Links
2006,17-02-2006,"A Numbers Puzzle",158,http://roytang.net/2006/02/a-numbers-puzzle/,Puzzles
2006,18-02-2006,"Programmer, engineer, scientist, critic, gamer, dreamer, and kid-at-heart.",397,http://roytang.net/2006/02/programmer-engineer-scientist-critic-gamer-dreamer-and-kid-at-heart/,Opinions
2006,19-02-2006,"Today&#8217;s del.icio.us bookmarks",23,http://roytang.net/2006/02/today39s-del-icio-us-bookmarks/,Links
2006,19-02-2006,"Desktop 2006-02-19",29,http://roytang.net/2006/02/desktop-2006-02-19/,"Tech Life"
2006,22-02-2006,"Comment Spam!",26,http://roytang.net/2006/02/comment-spam/,Meta
2006,22-02-2006,"Taxi Tales &#8211; The Badass Vigilante One",765,http://roytang.net/2006/02/taxi-tales-the-badass-vigilante-one/,"Just Another Day"
2006,23-02-2006,"I Am A Light Cycle",47,http://roytang.net/2006/02/i-am-a-light-cycle/,Gaming
2006,24-02-2006,"Del.icio.us bookmarks for 2006-02-24",42,http://roytang.net/2006/02/del-icio-us-bookmarks-for-2006-02-24/,Links
2006,24-02-2006,Smallville,352,http://roytang.net/2006/02/smallville/,"TV Series"
2006,24-02-2006,"State of National Emergency",427,http://roytang.net/2006/02/state-of-national-emergency/,Philippines
2006,26-02-2006,"WWE Raw In Manila!",1660,http://roytang.net/2006/02/wwe-raw-in-manila/,"Just Another Day"
2006,26-02-2006,"Del.icio.us bookmarks for 2006-02-26",124,http://roytang.net/2006/02/del-icio-us-bookmarks-for-2006-02-26/,Links
2006,26-02-2006,"Adventures in Linux-land, part 2",121,http://roytang.net/2006/02/adventures-in-linux-land-part-2/,"Tech Life"
2006,04-03-2006,"World Public Opinion &#8211; RP to US: You&amp;#39;re Number One!",18,http://roytang.net/2006/03/world-public-opinion-rp-to-us-you39re-number-one/,Philippines
2006,04-03-2006,"Del.icio.us bookmarks for 2006-03-04",50,http://roytang.net/2006/03/del-icio-us-bookmarks-for-2006-03-04/,Links
2006,08-03-2006,"Personal DNA &#8211; Faithful Inventor",4,http://roytang.net/2006/03/personal-dna-faithful-inventor/,Meta
2006,08-03-2006,"Del.icio.us bookmarks for 2006-03-08",28,http://roytang.net/2006/03/del-icio-us-bookmarks-for-2006-03-08/,Links
2006,09-03-2006,"Adventures in Linux-land, part 3",221,http://roytang.net/2006/03/adventures-in-linux-land-part-3/,"Tech Life"
2006,09-03-2006,"Del.icio.us bookmarks for 2006-03-09",70,http://roytang.net/2006/03/del-icio-us-bookmarks-for-2006-03-09/,Links
2006,12-03-2006,"Recent Reading 2006-03-12",407,http://roytang.net/2006/03/recent-reading-2006-03-12/,Books
2006,12-03-2006,"Del.icio.us bookmarks for 2006-03-12",22,http://roytang.net/2006/03/del-icio-us-bookmarks-for-2006-03-12/,Links
2006,20-03-2006,"Del.icio.us bookmarks for 2006-03-20",23,http://roytang.net/2006/03/del-icio-us-bookmarks-for-2006-03-20/,Links
2006,26-03-2006,"Grand Prix Manila",768,http://roytang.net/2006/03/grand-prix-manila/,"Magic the Gathering"
2006,26-03-2006,"Ballmer, Bemused &#8211; Forbes.com",600,http://roytang.net/2006/03/ballmer-bemused-forbes-com/,"Tech Life"
2006,26-03-2006,"Del.icio.us bookmarks for 2006-03-26",83,http://roytang.net/2006/03/del-icio-us-bookmarks-for-2006-03-26/,Links
2006,01-04-2006,"Radio Station Top Ten Lists",95,http://roytang.net/2006/04/radio-station-top-ten-lists/,"Just Another Day"
2006,01-04-2006,"I Need To Be More Cunning",200,http://roytang.net/2006/04/i-need-to-be-more-cunning/,"Just Another Day"
2006,02-04-2006,"Ubuntu Desktop 01-Apr-2006",186,http://roytang.net/2006/04/ubuntu-desktop-01-apr-2006/,"Tech Life"
2006,02-04-2006,"Del.icio.us bookmarks for 2006-04-02",63,http://roytang.net/2006/04/del-icio-us-bookmarks-for-2006-04-02/,Links
2006,04-04-2006,"Del.icio.us bookmarks for 2006-04-04",20,http://roytang.net/2006/04/del-icio-us-bookmarks-for-2006-04-04/,Links
2006,05-04-2006,"Del.icio.us bookmarks for 2006-04-05",35,http://roytang.net/2006/04/del-icio-us-bookmarks-for-2006-04-05/,Links
2006,06-04-2006,"Del.icio.us bookmarks for 2006-04-06",42,http://roytang.net/2006/04/del-icio-us-bookmarks-for-2006-04-06/,Links
2006,09-04-2006,"Suikoden V &#8211; Beginning",560,http://roytang.net/2006/04/suikoden-v-beginning/,Gaming
2006,10-04-2006,"Del.icio.us bookmarks for 2006-04-10",32,http://roytang.net/2006/04/del-icio-us-bookmarks-for-2006-04-10/,Links
2006,13-04-2006,"Scorching Heat",19,http://roytang.net/2006/04/scorching-heat/,"Just Another Day"
2006,13-04-2006,"Contrast: Suikoden V vs Baldur&amp;#39;s Gate 2",355,http://roytang.net/2006/04/contrast-suikoden-v-vs-baldur39s-gate-2/,Gaming
2006,13-04-2006,"Confessional Thoughts",211,http://roytang.net/2006/04/confessional-thoughts/,"Just Another Day"
2006,14-04-2006,"Del.icio.us bookmarks for 2006-04-14",23,http://roytang.net/2006/04/del-icio-us-bookmarks-for-2006-04-14/,Links
2006,19-04-2006,"Recording Industry vs The People",320,http://roytang.net/2006/04/recording-industry-vs-the-people/,"Tech Life"
2006,19-04-2006,"Del.icio.us bookmarks for 2006-04-19",46,http://roytang.net/2006/04/del-icio-us-bookmarks-for-2006-04-19/,Links
2006,23-04-2006,"The Four Agreements",213,http://roytang.net/2006/04/the-four-agreements/,Self-Improvement
2006,23-04-2006,"Priest / Stand-up Comic",157,http://roytang.net/2006/04/priest-stand-up-comic/,"Just Another Day"
2006,23-04-2006,"Del.icio.us bookmarks for 2006-04-23",39,http://roytang.net/2006/04/del-icio-us-bookmarks-for-2006-04-23/,Links
2006,24-04-2006,"Del.icio.us bookmarks for 2006-04-24",20,http://roytang.net/2006/04/del-icio-us-bookmarks-for-2006-04-24/,Links
2006,28-04-2006,"Yahoo Mail Beta",129,http://roytang.net/2006/04/yahoo-mail-beta/,"Tech Life"
2006,03-05-2006,"GMail raises the bar for everyone&#8230;",433,http://roytang.net/2006/05/gmail-raises-the-bar-for-everyone/,"Software Development"
2006,03-05-2006,"Bathtubs are hard to use.",129,http://roytang.net/2006/05/bathtubs-are-hard-to-use/,"Just Another Day"
2006,04-05-2006,"Takeshi&#8217;s Castle",387,http://roytang.net/2006/05/takeshi39s-castle/,"TV Series"
2006,07-05-2006,"Pop-Culture Consumer Whore",111,http://roytang.net/2006/05/pop-culture-consumer-whore/,"Just Another Day"
2006,07-05-2006,"Del.icio.us bookmarks for 2006-05-07",25,http://roytang.net/2006/05/del-icio-us-bookmarks-for-2006-05-07/,Links
2006,11-05-2006,"Del.icio.us bookmarks for 2006-05-11",25,http://roytang.net/2006/05/del-icio-us-bookmarks-for-2006-05-11/,Links
2006,14-05-2006,"Other People&#8217;s Toilets",47,http://roytang.net/2006/05/other-people39s-toilets/,"Just Another Day"
2006,17-05-2006,"DaVinci Code",183,http://roytang.net/2006/05/davinci-code/,Movies
2006,17-05-2006,"Del.icio.us bookmarks for 2006-05-17",21,http://roytang.net/2006/05/del-icio-us-bookmarks-for-2006-05-17/,Links
2006,20-05-2006,"Developer Assessment",321,http://roytang.net/2006/05/developer-assessment/,"Software Development"
2006,25-05-2006,"Del.icio.us bookmarks for 2006-05-25",29,http://roytang.net/2006/05/del-icio-us-bookmarks-for-2006-05-25/,Links
2006,27-05-2006,"X-Men III: The Last Stand",43,http://roytang.net/2006/05/x-men-iii-the-last-stand/,Movies
2006,30-05-2006,"Suikoden V &#8211; Review",429,http://roytang.net/2006/05/suikoden-v-review/,Gaming
2006,11-06-2006,PTQ-Kobe,532,http://roytang.net/2006/06/ptq-kobe/,"Magic the Gathering"
2006,11-06-2006,"Driving in Taiwan and the Philippines",197,http://roytang.net/2006/06/driving-in-taiwan-and-the-philippines/,Philippines
2006,12-06-2006,"Del.icio.us bookmarks for 2006-06-12",20,http://roytang.net/2006/06/del-icio-us-bookmarks-for-2006-06-12/,Links
2006,14-06-2006,"Del.icio.us bookmarks for 2006-06-14",22,http://roytang.net/2006/06/del-icio-us-bookmarks-for-2006-06-14/,Links
2006,19-06-2006,"Quicktime plugin doesn&#8217;t support linux?",17,http://roytang.net/2006/06/quicktime-plugin-doesn39t-support-linux/,"Tech Life"
2006,19-06-2006,"Magic &#8211; Regionals 2006",771,http://roytang.net/2006/06/magic-regionals-2006/,"Magic the Gathering"
2006,24-06-2006,"Del.icio.us bookmarks for 2006-06-24",37,http://roytang.net/2006/06/del-icio-us-bookmarks-for-2006-06-24/,Links
2006,25-06-2006,"My Job, Such As It Is",369,http://roytang.net/2006/06/my-job-such-as-it-is/,"Software Development"
2006,15-07-2006,Potpourri,344,http://roytang.net/2006/07/potpourri/,"Just Another Day"
2006,30-07-2006,"Nationals Qualifier, July 30, 2006",1050,http://roytang.net/2006/07/nationals-qualifier-july-30-2006/,"Magic the Gathering"
2006,20-08-2006,"Coldsnap Sealed",184,http://roytang.net/2006/08/coldsnap-sealed/,"Magic the Gathering"
2006,27-08-2006,"Nintendo DS",220,http://roytang.net/2006/08/nintendo-ds-2/,Gaming
2006,10-09-2006,"Will Lend Money For Food",213,http://roytang.net/2006/09/will-lend-money-for-food/,"Just Another Day"
2006,10-09-2006,"GPT Syndey &#8211; Coldsnap Sealed",117,http://roytang.net/2006/09/gpt-syndey-coldsnap-sealed/,"Magic the Gathering"
2006,10-09-2006,"Google Trends: World domination vs World peace",30,http://roytang.net/2006/09/google-trends-world-domination-vs-world-peace/,Links
2006,17-09-2006,"Guest Chair",19,http://roytang.net/2006/09/guest-chair/,Links
2006,23-09-2006,"Time Spiral Prerelease &#8211; Sweet Victory!",171,http://roytang.net/2006/09/time-spiral-prerelease-sweet-victory/,"Magic the Gathering"
2006,29-09-2006,"Emerging From The Darkness",194,http://roytang.net/2006/09/emerging-from-the-darkness/,"Just Another Day"
2006,01-10-2006,"Wanderer&#8217;s Thoughts",953,http://roytang.net/2006/10/wanderer39s-thoughts/,"Just Another Day"
2006,01-10-2006,"I Will Blog Every Day",37,http://roytang.net/2006/10/i-will-blog-every-day/,Meta
2006,02-10-2006,"How to Order at Jollibee, Part 1",300,http://roytang.net/2006/10/how-to-order-at-jollibee-part-1/,"Just Another Day"
2006,03-10-2006,"Smallville, Season Six",323,http://roytang.net/2006/10/smallville-season-six/,"TV Series"
2006,03-10-2006,"Webcomics I Like, 2006 Edition",398,http://roytang.net/2006/10/webcomics-i-like-2006-edition/,Links
2006,05-10-2006,Heroes,140,http://roytang.net/2006/10/heroes/,"TV Series"
2006,06-10-2006,"Nintendo DS!",43,http://roytang.net/2006/10/nintendo-ds/,Gaming
2006,08-10-2006,"Time Spiral Release",389,http://roytang.net/2006/10/time-spiral-release/,"Magic the Gathering"
2006,09-10-2006,"Dual Screen Pirates?",28,http://roytang.net/2006/10/dual-screen-pirates/,Gaming
2006,10-10-2006,"Quick Impressions on Some DS Games",182,http://roytang.net/2006/10/quick-impressions-on-some-ds-games/,Gaming
2006,12-10-2006,"Eudora to Become Open Source",127,http://roytang.net/2006/10/eudora-to-become-open-source/,"Tech Life"
2006,15-10-2006,"Drafting in Time Spiral",181,http://roytang.net/2006/10/drafting-in-time-spiral/,"Magic the Gathering"
2006,16-10-2006,Silly,143,http://roytang.net/2006/10/silly/,"Just Another Day"
2006,17-10-2006,"Rob and Elliot: A webcomic updated Mondays and Fridays",18,http://roytang.net/2006/10/rob-and-elliot-a-webcomic-updated-mondays-and-fridays/,Links
2006,18-10-2006,"World of Warcrack",460,http://roytang.net/2006/10/world-of-warcrack/,Gaming
2006,21-10-2006,"The DS Stylus",51,http://roytang.net/2006/10/the-ds-stylus/,Gaming
2006,21-10-2006,"PTQ &#8211; Geneva",205,http://roytang.net/2006/10/ptq-geneva/,"Magic the Gathering"
2006,23-10-2006,"Computer Gaming World",42,http://roytang.net/2006/10/computer-gaming-world/,Gaming
2006,29-10-2006,"19-inches of Widescreen LCD Sweetness",108,http://roytang.net/2006/10/19-inches-of-widescreen-lcd-sweetness/,Hardware
2006,29-10-2006,"Heroes Again",121,http://roytang.net/2006/10/heroes-again/,"TV Series"
2006,29-10-2006,"Dark Tower VI &#8211; Song of Susannah",161,http://roytang.net/2006/10/dark-tower-vi-song-of-susannah/,Books
2006,30-10-2006,"new monitor",42,http://roytang.net/2006/10/new-monitor/,Hardware
2006,31-10-2006,"Failed to Post Every Day",22,http://roytang.net/2006/10/failed-to-post-every-day/,Meta
2006,04-11-2006,"2006-11-04 Standard Constructed @ NG Galleria",1468,http://roytang.net/2006/11/2006-11-04-standard-constructed-ng-galleria/,"Magic the Gathering"
2006,04-11-2006,"Elephant Tokens",51,http://roytang.net/2006/11/elephant-tokens/,"Magic the Gathering"
2006,06-11-2006,"Predictions on the Evolution of Language, Part 1",39,http://roytang.net/2006/11/predictions-on-the-evolution-of-language-part-1/,Opinions
2006,11-11-2006,"2006-11-11 Standard Constructed @ NG Galleria",507,http://roytang.net/2006/11/2006-11-11-standard-constructed-ng-galleria/,"Magic the Gathering"
2006,11-11-2006,"I&#8217;m a Moron",11,http://roytang.net/2006/11/i39m-a-moron/,"Just Another Day"
2006,18-11-2006,"Dark Tower VII",179,http://roytang.net/2006/11/dark-tower-vii/,Books
2006,21-11-2006,"I&#8217;m Going to HK&#8230;Again",37,http://roytang.net/2006/11/i39m-going-to-hk-again/,Travels
2006,16-12-2006,"Back from China",96,http://roytang.net/2006/12/back-from-china/,Travels
2006,16-12-2006,"The More They Stay The Same",207,http://roytang.net/2006/12/the-more-they-stay-the-same/,"Just Another Day"
2006,17-12-2006,"Magic: 2006 Gold Rush",466,http://roytang.net/2006/12/magic-2006-gold-rush/,"Magic the Gathering"
2006,18-12-2006,"Final Fantasy Tactics is getting a port!",42,http://roytang.net/2006/12/final-fantasy-tactics-is-getting-a-port/,Gaming
2006,18-12-2006,"Hong Kong &#8211; After Landing At The Airport",372,http://roytang.net/2006/12/hong-kong-after-landing-at-the-airport/,Travels
2006,23-12-2006,"Spare Time",293,http://roytang.net/2006/12/spare-time/,"Just Another Day"
2006,24-12-2006,"The Meaning of Christmas",371,http://roytang.net/2006/12/the-meaning-of-christmas/,"Job Hunting"
2006,26-12-2006,"The Escapist &#8211; The Rise and Fall of Troika",169,http://roytang.net/2006/12/the-escapist-the-rise-and-fall-of-troika/,Gaming
2006,27-12-2006,"The Next Generation of FAQs",155,http://roytang.net/2006/12/the-next-generation-of-faqs/,Gaming
2006,27-12-2006,"Japan is Furious about Dragon Quest IX",93,http://roytang.net/2006/12/japan-is-furious-about-dragon-quest-ix/,Gaming
2006,30-12-2006,"Why Do Salesgirls at Department Stores Always Wear Open-Toed Shoes",48,http://roytang.net/2006/12/why-do-salesgirls-at-department-stores-always-wear-open-toed-shoes/,"Just Another Day"
2006,30-12-2006,"8-Man Drafts on MTGO",145,http://roytang.net/2006/12/8-man-drafts-on-mtgo/,"Magic the Gathering"
2006,30-12-2006,"The Rock Says&#8230;",267,http://roytang.net/2006/12/the-rock-says/,Books
2006,31-12-2006,"New Year&amp;#39;s Eve",121,http://roytang.net/2006/12/new-year39s-eve/,"Just Another Day"
2007,01-01-2007,"New Year 2007",99,http://roytang.net/2007/01/new-year-2007/,"Just Another Day"
2007,03-01-2007,"Adventures in Linux Land, part 4",214,http://roytang.net/2007/01/adventures-in-linux-land-part-4/,"Tech Life"
2007,03-01-2007,"A New Look Again?",51,http://roytang.net/2007/01/a-new-look-again/,Meta
2007,07-01-2007,"Nameless Deck Wins",915,http://roytang.net/2007/01/nameless-deck-wins/,"Magic the Gathering"
2007,10-01-2007,"Final Fantasy XII",104,http://roytang.net/2007/01/final-fantasy-xii/,Gaming
2007,10-01-2007,"The Food in Hong Kong",616,http://roytang.net/2007/01/the-food-in-hong-kong/,Travels
2007,13-01-2007,"Ok Go!",115,http://roytang.net/2007/01/ok-go/,Meta
2007,14-01-2007,"Nameless Deck Does Not Win",92,http://roytang.net/2007/01/nameless-deck-does-not-win/,"Magic the Gathering"
2007,15-01-2007,"Modified MistyLook",82,http://roytang.net/2007/01/modified-mistylook/,Meta
2007,17-01-2007,"Personal Productivity",389,http://roytang.net/2007/01/personal-productivity/,"Tech Life"
2007,18-01-2007,"NewsHutch &#8211; feed aggregator",64,http://roytang.net/2007/01/newshutch-feed-aggregator/,"Tech Life"
2007,19-01-2007,"Del.icio.us bookmarks for 2007-01-18",116,http://roytang.net/2007/01/del-icio-us-bookmarks-for-2007-01-18/,Links
2007,20-01-2007,"links for 2007-01-21",13,http://roytang.net/2007/01/links-for-2007-01-21/,Links
2007,21-01-2007,"Planar Chaos Prerelease",908,http://roytang.net/2007/01/planar-chaos-prerelease/,"Magic the Gathering"
2007,28-01-2007,"Time > Money",481,http://roytang.net/2007/01/time-ampgt-money/,"Just Another Day"
2007,28-01-2007,"links for 2007-01-29",24,http://roytang.net/2007/01/links-for-2007-01-29/,Links
2007,31-01-2007,"links for 2007-02-01",24,http://roytang.net/2007/01/links-for-2007-02-01/,Links
2007,04-02-2007,"links for 2007-02-05",68,http://roytang.net/2007/02/links-for-2007-02-05/,Links
2007,06-02-2007,"Should I Go Across The World?",131,http://roytang.net/2007/02/should-i-go-across-the-world/,Travels
2007,10-02-2007,"Anime &#8211; One Piece",257,http://roytang.net/2007/02/anime-one-piece/,"TV Series"
2007,18-02-2007,"links for 2007-02-19",14,http://roytang.net/2007/02/links-for-2007-02-19/,Links
2007,21-02-2007,"links for 2007-02-22",10,http://roytang.net/2007/02/links-for-2007-02-22/,Links
2007,23-02-2007,"links for 2007-02-24",24,http://roytang.net/2007/02/links-for-2007-02-24/,Links
2007,25-02-2007,"State of the Gaming &#8211; February 2007",321,http://roytang.net/2007/02/state-of-the-gaming-february-2007/,Gaming
2007,28-02-2007,"What Kind of Enterpreneur Am I?",72,http://roytang.net/2007/02/what-kind-of-enterpreneur-am-i/,Meta
2007,06-03-2007,"links for 2007-03-07",11,http://roytang.net/2007/03/links-for-2007-03-07/,Links
2007,11-03-2007,"Searching for Direction",718,http://roytang.net/2007/03/searching-for-direction/,"Just Another Day"
2007,13-03-2007,"The Miracle PC",107,http://roytang.net/2007/03/the-miracle-pc/,"Tech Life"
2007,18-03-2007,300,190,http://roytang.net/2007/03/300/,Movies
2007,18-03-2007,"links for 2007-03-19",14,http://roytang.net/2007/03/links-for-2007-03-19/,Links
2007,20-03-2007,"links for 2007-03-21",21,http://roytang.net/2007/03/links-for-2007-03-21/,Links
2007,24-03-2007,"So Many Bad Plays",909,http://roytang.net/2007/03/so-many-bad-plays/,"Magic the Gathering"
2007,24-03-2007,"links for 2007-03-25",22,http://roytang.net/2007/03/links-for-2007-03-25/,Links
2007,25-03-2007,"links for 2007-03-26",53,http://roytang.net/2007/03/links-for-2007-03-26/,Links
2007,29-03-2007,"links for 2007-03-30",18,http://roytang.net/2007/03/links-for-2007-03-30/,Links
2007,31-03-2007,"PTQ: San Diego",257,http://roytang.net/2007/03/ptq-san-diego/,"Magic the Gathering"
2007,01-04-2007,TMNT,275,http://roytang.net/2007/04/tmnt/,Movies
2007,02-04-2007,"links for 2007-04-03",26,http://roytang.net/2007/04/links-for-2007-04-03/,Links
2007,07-04-2007,"Phoenix Wright: Ace Attorney (NDS)",254,http://roytang.net/2007/04/phoenix-wright-ace-attorney-nds/,Gaming
2007,09-04-2007,"An Uneventful Holy Week",359,http://roytang.net/2007/04/an-uneventful-holy-week/,"Just Another Day"
2007,12-04-2007,Simplicity,235,http://roytang.net/2007/04/simplicity/,"Just Another Day"
2007,14-04-2007,"links for 2007-04-15",56,http://roytang.net/2007/04/links-for-2007-04-15/,Links
2007,14-04-2007,"I Should Stup Sucking on MTGO",52,http://roytang.net/2007/04/i-should-stup-sucking-on-mtgo/,"Magic the Gathering"
2007,15-04-2007,"links for 2007-04-16",19,http://roytang.net/2007/04/links-for-2007-04-16/,Links
2007,22-04-2007,"Future Sight Prerelease",410,http://roytang.net/2007/04/future-sight-prerelease/,"Magic the Gathering"
2007,28-04-2007,"Down Cycles",193,http://roytang.net/2007/04/down-cycles/,"Just Another Day"
2007,01-05-2007,Wowowee,416,http://roytang.net/2007/05/wowowee/,"Just Another Day"
2007,01-05-2007,"links for 2007-05-02",27,http://roytang.net/2007/05/links-for-2007-05-02/,Links
2007,06-05-2007,"Spider-man 3",167,http://roytang.net/2007/05/spider-man-3/,Movies
2007,10-05-2007,"Indulgence &#8211; the Nokia N73",243,http://roytang.net/2007/05/indulgence-the-nokia-n73/,Hardware
2007,12-05-2007,"Elections 2k7",160,http://roytang.net/2007/05/elections-2k7/,Philippines
2007,14-05-2007,"Some Simple Electoral Reforms",272,http://roytang.net/2007/05/some-simple-electoral-reforms/,Philippines
2007,14-05-2007,"links for 2007-05-15",16,http://roytang.net/2007/05/links-for-2007-05-15/,Links
2007,16-05-2007,"Time Spiral Sealed &#8211; 13 May @ NG Galleria",329,http://roytang.net/2007/05/time-spiral-sealed-13-may-ng-galleria/,"Magic the Gathering"
2007,24-05-2007,"links for 2007-05-25",32,http://roytang.net/2007/05/links-for-2007-05-25/,Links
2007,27-05-2007,"Future Sight Inaugural @ NG Galleria 26-May-2007",303,http://roytang.net/2007/05/future-sight-inaugural-ng-galleria-26-may-2007/,"Magic the Gathering"
2007,27-05-2007,"links for 2007-05-28",42,http://roytang.net/2007/05/links-for-2007-05-28/,Links
2007,28-05-2007,"Back into the Fold (or Revenge of the XP)",301,http://roytang.net/2007/05/back-into-the-fold-or-revenge-of-the-xp/,"Tech Life"
2007,09-06-2007,"Standard @ NG Galleria 02-Jun-2007",518,http://roytang.net/2007/06/standard-ng-galleria-02-jun-2007/,"Magic the Gathering"
2007,09-06-2007,"Fallout 3 Trailer",26,http://roytang.net/2007/06/fallout-3-trailer/,Gaming
2007,17-06-2007,"Not Very Mainstream",16,http://roytang.net/2007/06/not-very-mainstream/,"Just Another Day"
2007,21-06-2007,"links for 2007-06-22",18,http://roytang.net/2007/06/links-for-2007-06-22/,Links
2007,23-06-2007,"Magic &#8211; Regionals 2007",980,http://roytang.net/2007/06/magic-regionals-2007/,"Magic the Gathering"
2007,24-06-2007,"Top 5 Strengths",240,http://roytang.net/2007/06/top-5-strengths/,"Just Another Day"
2007,01-07-2007,"PTQ Valencia 2007-06-30 @ NG Galleria",839,http://roytang.net/2007/07/ptq-valencia-2007-06-30-ng-galleria/,"Magic the Gathering"
2007,01-07-2007,Transformers,95,http://roytang.net/2007/07/transformers/,Movies
2007,11-07-2007,"Bad Day Perspective",129,http://roytang.net/2007/07/bad-day-perspective/,"Just Another Day"
2007,14-07-2007,"Magic Game Day",329,http://roytang.net/2007/07/magic-game-day/,"Magic the Gathering"
2007,22-07-2007,"links for 2007-07-23",107,http://roytang.net/2007/07/links-for-2007-07-23/,Links
2007,27-07-2007,"links for 2007-07-28",26,http://roytang.net/2007/07/links-for-2007-07-28/,Links
2007,28-07-2007,"I Suck At Standard",377,http://roytang.net/2007/07/i-suck-at-standard/,"Magic the Gathering"
2007,28-07-2007,"Going to HK Again",24,http://roytang.net/2007/07/going-to-hk-again/,"Just Another Day"
2007,28-07-2007,"Brush with the Law",606,http://roytang.net/2007/07/brush-with-the-law/,"Just Another Day"
2007,28-07-2007,"Rich Internet Applications",433,http://roytang.net/2007/07/rich-internet-applications/,"Software Development"
2007,03-08-2007,"links for 2007-08-04",18,http://roytang.net/2007/08/links-for-2007-08-04/,Links
2007,04-08-2007,"Hong Kong Saga, Part Three",350,http://roytang.net/2007/08/hong-kong-saga-part-three/,Travels
2007,05-08-2007,"Phoenix Wright Ace Attorney 2: Justice for All",143,http://roytang.net/2007/08/phoenix-wright-ace-attorney-2-justice-for-all/,Gaming
2007,10-08-2007,"First Birthday Outside the Country",95,http://roytang.net/2007/08/first-birthday-outside-the-country/,"Just Another Day"
2007,10-08-2007,"links for 2007-08-11",19,http://roytang.net/2007/08/links-for-2007-08-11/,Links
2007,11-08-2007,"Announcing PyMTG",212,http://roytang.net/2007/08/announcing-pymtg/,"Software Development"
2007,15-08-2007,"Back Home",24,http://roytang.net/2007/08/back-home/,"Just Another Day"
2007,17-08-2007,"Abundance and Scarcity",222,http://roytang.net/2007/08/abundance-and-scarcity/,"Just Another Day"
2007,01-09-2007,"GPT Bangkok",1737,http://roytang.net/2007/09/gpt-bangkok/,"Magic the Gathering"
2007,01-09-2007,"Today&amp;#39;s Random Phoenix Wright 3 Quote",20,http://roytang.net/2007/09/today39s-random-phoenix-wright-3-quote/,Gaming
2007,08-09-2007,"Pre-Lorwyn Triple Treat I: Standard",947,http://roytang.net/2007/09/pre-lorwyn-triple-treat-i-standard/,"Magic the Gathering"
2007,08-09-2007,"How to Ride the MRT, Part 1",63,http://roytang.net/2007/09/how-to-ride-the-mrt-part-1/,Philippines
2007,16-09-2007,"GPT Bangkok 3",934,http://roytang.net/2007/09/gpt-bangkok-3/,"Magic the Gathering"
2007,22-09-2007,"Roy on Magic",153,http://roytang.net/2007/09/roy-on-magic/,"Magic the Gathering"
2007,22-09-2007,"roytang on magic",23,http://roytang.net/2007/09/roytang-on-magic/,Meta
2007,22-09-2007,"Friday Night Magic",241,http://roytang.net/2007/09/friday-night-magic/,"Magic the Gathering"
2007,22-09-2007,"Ender&#8217;s Game Series",339,http://roytang.net/2007/09/ender39s-game-series/,Books
2007,24-09-2007,"Lorwyn &#8211; Planeswalkers",850,http://roytang.net/2007/09/lorwyn-planeswalkers/,"Magic the Gathering"
2007,27-09-2007,"Lorwyn &#8211; Some Other Cards of Note",889,http://roytang.net/2007/09/lorwyn-some-other-cards-of-note/,"Magic the Gathering"
2007,30-09-2007,"Lorwyn &#8211; Prerelease",516,http://roytang.net/2007/09/lorwyn-prerelease/,"Magic the Gathering"
2007,07-10-2007,"Memories of Zelda",844,http://roytang.net/2007/10/memories-of-zelda/,Gaming
2007,13-10-2007,"Ravnica&amp;#39;s Last Hurrah",214,http://roytang.net/2007/10/ravnica39s-last-hurrah/,"Magic the Gathering"
2007,13-10-2007,"Legend of Zelda &#8211; Phantom Hourglass",127,http://roytang.net/2007/10/legend-of-zelda-phantom-hourglass/,Gaming
2007,14-10-2007,"links for 2007-10-15",34,http://roytang.net/2007/10/links-for-2007-10-15/,Links
2007,18-10-2007,"links for 2007-10-19",18,http://roytang.net/2007/10/links-for-2007-10-19/,Links
2007,20-10-2007,"GPT Bangkok 4",989,http://roytang.net/2007/10/gpt-bangkok-4/,"Magic the Gathering"
2007,20-10-2007,Fear,94,http://roytang.net/2007/10/fear/,"Just Another Day"
2007,28-10-2007,"links for 2007-10-29",34,http://roytang.net/2007/10/links-for-2007-10-29/,Links
2007,29-10-2007,"How to Solve Technical Problems",789,http://roytang.net/2007/10/how-to-solve-technical-problems/,"Software Development"
2007,01-11-2007,"States / Champs 2007 Data",138,http://roytang.net/2007/11/states-champs-2007-data/,"Magic the Gathering"
2007,02-11-2007,"The Mysterious Fertile Ground",206,http://roytang.net/2007/11/the-mysterious-fertile-ground/,"Magic the Gathering"
2007,04-11-2007,"PTQ Kuala Lumpur #1",705,http://roytang.net/2007/11/ptq-kuala-lumpur-1/,"Magic the Gathering"
2007,22-11-2007,"WoW, Hacked!",287,http://roytang.net/2007/11/wow-hacked/,Gaming
2007,25-11-2007,"Lorwyn Inaugurals",1627,http://roytang.net/2007/11/lorwyn-inaugurals/,"Magic the Gathering"
2007,25-11-2007,"PTQ Kuala Lumpur #2",577,http://roytang.net/2007/11/ptq-kuala-lumpur-2/,"Magic the Gathering"
2007,29-11-2007,"The Perils of Magic Online Multitasking",78,http://roytang.net/2007/11/the-perils-of-magic-online-multitasking/,"Magic the Gathering"
2007,30-11-2007,"Drama at the Manila Pen",261,http://roytang.net/2007/11/drama-at-the-manila-pen/,Philippines
2007,30-11-2007,"Social Networking",269,http://roytang.net/2007/11/social-networking/,"Tech Life"
2007,01-12-2007,"I Play Too Quickly",49,http://roytang.net/2007/12/i-play-too-quickly/,"Magic the Gathering"
2007,08-12-2007,"Standard @ NG Galleria 24-Nov-2007",622,http://roytang.net/2007/12/standard-ng-galleria-24-nov-2007/,"Magic the Gathering"
2007,08-12-2007,"PTQ Kuala Lumpur #3",772,http://roytang.net/2007/12/ptq-kuala-lumpur-3/,"Magic the Gathering"
2007,24-12-2007,"PTQ Kuala Lumpur #4",1035,http://roytang.net/2007/12/ptq-kuala-lumpur-4/,"Magic the Gathering"
2007,26-12-2007,"The Importance of Having a Team",200,http://roytang.net/2007/12/the-importance-of-having-a-team/,"Magic the Gathering"
2007,26-12-2007,"Magic Stats! (And Year in Review)",374,http://roytang.net/2007/12/magic-stats-and-year-in-review/,"Magic the Gathering"
2007,28-12-2007,"Pack Rat Mentality",350,http://roytang.net/2007/12/pack-rat-mentality/,"Just Another Day"
2007,29-12-2007,"Today is a good day to nuke your XP install",165,http://roytang.net/2007/12/today-is-a-good-day-to-nuke-your-xp-install/,"Tech Life"
2008,01-01-2008,"New Year Noise",329,http://roytang.net/2008/01/new-year-noise/,"Just Another Day"
2008,06-01-2008,"Pre Morningtide Constructed: Standard @ NG Galleria",301,http://roytang.net/2008/01/pre-morningtide-constructed-standard-ng-galleria/,"Magic the Gathering"
2008,14-01-2008,Family,245,http://roytang.net/2008/01/family/,"Just Another Day"
2008,14-01-2008,"links for 2008-01-15",10,http://roytang.net/2008/01/links-for-2008-01-15/,Links
2008,16-01-2008,"Advance Wars: Dual Strike",192,http://roytang.net/2008/01/advance-wars-dual-strike/,Gaming
2008,16-01-2008,"links for 2008-01-17",42,http://roytang.net/2008/01/links-for-2008-01-17/,Links
2008,17-01-2008,"links for 2008-01-18",30,http://roytang.net/2008/01/links-for-2008-01-18/,Links
2008,21-01-2008,"Legazpi, Albay",474,http://roytang.net/2008/01/legazpi-albay/,Travels
2008,26-01-2008,"The Earth is Flat",201,http://roytang.net/2008/01/the-earth-is-flat/,"Random Memories"
2008,29-01-2008,"Job Hunting for Programmers",703,http://roytang.net/2008/01/job-hunting-for-programmers/,"Software Development"
2008,03-02-2008,"Trying out KDE4",419,http://roytang.net/2008/02/trying-out-kde4/,"Tech Life"
2008,04-02-2008,"Morningtide Release Event",661,http://roytang.net/2008/02/morningtide-release-event/,"Magic the Gathering"
2008,09-02-2008,"I have a PSP",387,http://roytang.net/2008/02/i-have-a-psp/,Gaming
2008,10-02-2008,"MTG Autocard WordPress Plugin",106,http://roytang.net/2008/02/mtg-autocard-wordpress-plugin/,"Software Development"
2008,11-02-2008,"Advance Wars: Days of Ruin",248,http://roytang.net/2008/02/advance-wars-days-of-ruin/,Gaming
2008,13-02-2008,"A Few Pictures from Kerwin and Joy&#8217;s Wedding",34,http://roytang.net/2008/02/a-few-pictures-from-kerwin-and-joy39s-wedding/,"Tech Life"
2008,14-02-2008,Killer-killer,518,http://roytang.net/2008/02/killer-killer/,Gaming
2008,16-02-2008,"Opening a Morningtide Box",258,http://roytang.net/2008/02/opening-a-morningtide-box/,"Magic the Gathering"
2008,25-02-2008,"I&#8217;m Lawful Good",137,http://roytang.net/2008/02/i39m-lawful-good/,Meta
2008,25-02-2008,"My Thoughts On EDSA",919,http://roytang.net/2008/02/my-thoughts-on-edsa/,Philippines
2008,25-02-2008,"Yellow Cory",36,http://roytang.net/2008/02/yellow-cory/,Philippines
2008,27-02-2008,Doodles,79,http://roytang.net/2008/02/doodles/,"Just Another Day"
2008,28-02-2008,"Apollo Justice: Ace Attorney",439,http://roytang.net/2008/02/apollo-justice-ace-attorney/,Gaming
2008,28-02-2008,"links for 2008-02-29",15,http://roytang.net/2008/02/links-for-2008-02-29/,Links
2008,06-03-2008,"links for 2008-03-07",17,http://roytang.net/2008/03/links-for-2008-03-07/,Links
2008,07-03-2008,"Trust and Evil Programmers",100,http://roytang.net/2008/03/trust-and-evil-programmers/,"Software Development"
2008,08-03-2008,Scrabble,623,http://roytang.net/2008/03/scrabble/,Gaming
2008,09-03-2008,"City Champs Trials III 2008: Reveillark Blink",1136,http://roytang.net/2008/03/city-champs-trials-iii-2008-reveillark-blink/,"Magic the Gathering"
2008,19-03-2008,"Laptop Keyboards Suck",157,http://roytang.net/2008/03/laptop-keyboards-suck/,"Tech Life"
2008,19-03-2008,"Free Wi-fi @HK International Airport",364,http://roytang.net/2008/03/free-wi-fi-hk-international-airport/,Travels
2008,20-03-2008,"City Champs Trials IV: Reveillark Blink",308,http://roytang.net/2008/03/city-champs-trials-iv-reveillark-blink/,"Magic the Gathering"
2008,20-03-2008,"How A Coworker Thinks I Would Blog",171,http://roytang.net/2008/03/how-a-coworker-thinks-i-would-blog/,"Just Another Day"
2008,03-04-2008,"City Champs 2008: Heavyweight Ramp",1378,http://roytang.net/2008/04/city-champs-2008-heavyweight-ramp/,"Magic the Gathering"
2008,07-04-2008,"Pre-Shadowmoor Triple Treat I &#8211; Under the Sea",1159,http://roytang.net/2008/04/pre-shadowmoor-triple-treat-i-under-the-sea/,"Magic the Gathering"
2008,12-04-2008,"Pre-Shadowmoor TripleTreat II &#8211; Merfolk Again",1098,http://roytang.net/2008/04/pre-shadowmoor-tripletreat-ii-merfolk-again/,"Magic the Gathering"
2008,13-04-2008,Pasmado,365,http://roytang.net/2008/04/pasmado/,Philippines
2008,20-04-2008,"Shadowmoor Prerelease",753,http://roytang.net/2008/04/shadowmoor-prerelease/,"Magic the Gathering"
2008,20-04-2008,"Sunday Distractions",292,http://roytang.net/2008/04/sunday-distractions/,"Just Another Day"
2008,26-04-2008,"Shadowmoor Sneak Peek",1440,http://roytang.net/2008/04/shadowmoor-sneak-peek/,"Magic the Gathering"
2008,27-04-2008,"Final Fantasy Crystal Chronicles: Ring of Fates",656,http://roytang.net/2008/04/final-fantasy-crystal-chronicles-ring-of-fates/,Gaming
2008,27-04-2008,"links for 2008-04-28",12,http://roytang.net/2008/04/links-for-2008-04-28/,Links
2008,29-04-2008,"Deck Building for an Unknown Metagame",1410,http://roytang.net/2008/04/deck-building-for-an-unknown-metagame/,"Magic the Gathering"
2008,29-04-2008,"Creating a WordPress Template (Part 1 of N)",931,http://roytang.net/2008/04/creating-a-wordpress-template-part-1-of-n/,"Software Development"
2008,03-05-2008,"Shadowmoor Standard Inaugural",1439,http://roytang.net/2008/05/shadowmoor-standard-inaugural/,"Magic the Gathering"
2008,04-05-2008,"Creating A WordPress Template Part 2",778,http://roytang.net/2008/05/creating-a-wordpress-template-part-2/,"Software Development"
2008,10-05-2008,"SHM Booster Draft 10 May 2008",932,http://roytang.net/2008/05/shm-booster-draft-10-may-2008/,"Magic the Gathering"
2008,11-05-2008,"Pinoy Comic Strips: Beerkada",342,http://roytang.net/2008/05/pinoy-comic-strips-beerkada/,Comics
2008,12-05-2008,"Creating a WordPress Template Part 3",259,http://roytang.net/2008/05/creating-a-wordpress-template-part-3/,"Software Development"
2008,14-05-2008,"OpenOffice Calc 2.4 vs Microsoft Excel",387,http://roytang.net/2008/05/openoffice-calc-2-4-vs-microsoft-excel/,"Tech Life"
2008,15-05-2008,"links for 2008-05-16",35,http://roytang.net/2008/05/links-for-2008-05-16/,Links
2008,18-05-2008,"Regionals 2008",915,http://roytang.net/2008/05/regionals-2008/,"Magic the Gathering"
2008,20-05-2008,"Anti Comment Spam",39,http://roytang.net/2008/05/anti-comment-spam/,Meta
2008,22-05-2008,"Predictions for Pro Tour Hollywood",67,http://roytang.net/2008/05/predictions-for-pro-tour-hollywood/,"Magic the Gathering"
2008,24-05-2008,"Bear With Me",24,http://roytang.net/2008/05/bear-with-me/,Meta
2008,24-05-2008,"Some Fun Homebrew NDS Apps",241,http://roytang.net/2008/05/some-fun-homebrew-nds-apps/,Gaming
2008,25-05-2008,"Saturday Triple SHM Draft &#8211; May 24",235,http://roytang.net/2008/05/saturday-triple-shm-draft-may-24/,"Magic the Gathering"
2008,25-05-2008,"Grand Prix Trial Manila I",523,http://roytang.net/2008/05/grand-prix-trial-manila-i/,"Magic the Gathering"
2008,25-05-2008,"links for 2008-05-26",21,http://roytang.net/2008/05/links-for-2008-05-26/,Links
2008,01-06-2008,"Above Average",288,http://roytang.net/2008/06/above-average/,Self-Improvement
2008,01-06-2008,Netdecking,312,http://roytang.net/2008/06/netdecking/,"Magic the Gathering"
2008,01-06-2008,"links for 2008-06-02",38,http://roytang.net/2008/06/links-for-2008-06-02/,Links
2008,02-06-2008,"links for 2008-06-03",21,http://roytang.net/2008/06/links-for-2008-06-03/,Links
2008,02-06-2008,"Posting from an iGoogle Gadget",31,http://roytang.net/2008/06/posting-from-an-igoogle-gadget/,Meta
2008,02-06-2008,"Contributions to the English Vocabulary #1",6,http://roytang.net/2008/06/contributions-to-the-english-vocabulary-1/,"Just Another Day"
2008,03-06-2008,"Indiana Jones: Raiders vs Crystal Skull",472,http://roytang.net/2008/06/indiana-jones-quotraidersquot-vs-quotcrystal-skullquot/,Movies
2008,08-06-2008,"Draftaganza June 7 2008",418,http://roytang.net/2008/06/draftaganza-june-7-2008/,"Magic the Gathering"
2008,09-06-2008,"Kung Fu Panda",21,http://roytang.net/2008/06/kung-fu-panda/,Movies
2008,09-06-2008,"Google Treasure Hunt",153,http://roytang.net/2008/06/google-treasure-hunt/,"Software Development"
2008,09-06-2008,"links for 2008-06-10",11,http://roytang.net/2008/06/links-for-2008-06-10/,Links
2008,11-06-2008,"links for 2008-06-12",16,http://roytang.net/2008/06/links-for-2008-06-12/,Links
2008,14-06-2008,"links for 2008-06-15",9,http://roytang.net/2008/06/links-for-2008-06-15/,Links
2008,15-06-2008,"links for 2008-06-16",28,http://roytang.net/2008/06/links-for-2008-06-16/,Links
2008,16-06-2008,"Block 14-June-2008",706,http://roytang.net/2008/06/block-14-june-2008/,"Magic the Gathering"
2008,16-06-2008,"Grand Prix Trial Manila IV",1358,http://roytang.net/2008/06/grand-prix-trial-manila-iv/,"Magic the Gathering"
2008,16-06-2008,"links for 2008-06-17",17,http://roytang.net/2008/06/links-for-2008-06-17/,Links
2008,17-06-2008,"Opera 9.5",230,http://roytang.net/2008/06/opera-9-5/,"Tech Life"
2008,21-06-2008,"New Laptop!",385,http://roytang.net/2008/06/new-laptop/,"Tech Life"
2008,28-06-2008,"A Week So Far With Vista",332,http://roytang.net/2008/06/a-week-so-far-with-vista/,"Tech Life"
2008,29-06-2008,"Movies &#8211; June 2008",346,http://roytang.net/2008/06/movies-june-2008/,Movies
2008,03-07-2008,Flocking,109,http://roytang.net/2008/07/flocking/,"Tech Life"
2008,03-07-2008,"The Last Days of Dr. Wily",17,http://roytang.net/2008/07/the-last-days-of-dr-wily/,Gaming
2008,05-07-2008,"The Folly of Optical Media",466,http://roytang.net/2008/07/the-folly-of-optical-media/,"Just Another Day"
2008,06-07-2008,"New WordPress Theme &#8211; Thematic",118,http://roytang.net/2008/07/new-wordpress-theme-thematic/,Meta
2008,12-07-2008,"Eventide Prerelease",742,http://roytang.net/2008/07/eventide-prerelease/,"Magic the Gathering"
2008,17-07-2008,"Movies &#8211; The Dark Knight",8,http://roytang.net/2008/07/movies-the-dark-knight/,Movies
2008,21-07-2008,"GMail Redesigned",36,http://roytang.net/2008/07/gmail-redesigned/,"Tech Life"
2008,07-08-2008,"Catching Up",79,http://roytang.net/2008/08/catching-up/,Gaming
2008,07-08-2008,"Eventide Release Party",62,http://roytang.net/2008/08/eventide-release-party/,"Magic the Gathering"
2008,08-08-2008,"Google Code Jam 2008",246,http://roytang.net/2008/08/google-code-jam-2008/,"Software Development"
2008,11-08-2008,"2008 Philippine Open Block *Top 16*",1452,http://roytang.net/2008/08/2008-philippine-open-block-top-16/,"Magic the Gathering"
2008,16-08-2008,"PTQ Berlin I",1186,http://roytang.net/2008/08/ptq-berlin-i/,"Magic the Gathering"
2008,18-08-2008,"New Facebook",20,http://roytang.net/2008/08/new-facebook/,"Software Development"
2008,19-08-2008,"The Survey for People Who Make Websites",7,http://roytang.net/2008/08/the-survey-for-people-who-make-websites/,"Software Development"
2008,22-08-2008,"Barcamp Manila",254,http://roytang.net/2008/08/barcamp-manila/,"Software Development"
2008,22-08-2008,"Transferring Files to N73 from Vista Using Bluetooth",283,http://roytang.net/2008/08/transferring-files-to-n73-from-vista-using-bluetooth/,"Tech Life"
2008,23-08-2008,"PTQ Berlin II",892,http://roytang.net/2008/08/ptq-berlin-ii/,"Magic the Gathering"
2008,25-08-2008,"Django and Google App Engine",383,http://roytang.net/2008/08/django-and-google-app-engine/,"Software Development"
2008,25-08-2008,"Poorly Implemented Combo Box",25,http://roytang.net/2008/08/poorly-implemented-combo-box/,"Software Development"
2008,31-08-2008,"links for 2008-08-31",24,http://roytang.net/2008/08/links-for-2008-08-31/,Links
2008,01-09-2008,"Grand Prix Manila &#8211; Snafubar and the Road to the Grand Prix",825,http://roytang.net/2008/09/grand-prix-manila-snafubar-and-the-road-to-the-grand-prix/,"Magic the Gathering"
2008,04-09-2008,"Grand Prix Manila Grinders and Day One Decks",1025,http://roytang.net/2008/09/grand-prix-manila-grinders-and-day-one-decks/,"Magic the Gathering"
2008,04-09-2008,"Shards of Alara Preview Season",66,http://roytang.net/2008/09/shards-of-alara-preview-season/,"Magic the Gathering"
2008,07-09-2008,"Grand Prix Manila Day One Report",1790,http://roytang.net/2008/09/grand-prix-manila-day-one-report/,"Magic the Gathering"
2008,07-09-2008,"Groundhog Day",175,http://roytang.net/2008/09/groundhog-day/,Movies
2008,08-09-2008,"Blast From The Past &#8211; 2004 Desktop",138,http://roytang.net/2008/09/blast-from-the-past-2004-desktop/,Meta
2008,14-09-2008,"Grand Prix Manila Day Two and PTQ Berlin",835,http://roytang.net/2008/09/grand-prix-manila-day-two-and-ptq-berlin/,"Magic the Gathering"
2008,19-09-2008,"Pre-Alara Triple Treats: Kithkin",420,http://roytang.net/2008/09/pre-alara-triple-treats-kithkin/,"Magic the Gathering"
2008,21-09-2008,"FlashDevelop &#8211; open source Flex/Actionscript IDE",250,http://roytang.net/2008/09/flashdevelop-open-source-flexactionscript-ide/,"Software Development"
2008,26-09-2008,"I Claim My Name",195,http://roytang.net/2008/09/i-claim-my-name/,Meta
2008,30-09-2008,"Shards of Alara Prerelease",818,http://roytang.net/2008/09/shards-of-alara-prerelease/,"Magic the Gathering"
2008,04-10-2008,"Eagle Eye",295,http://roytang.net/2008/10/eagle-eye/,Movies
2008,05-10-2008,"Bayan DSL Proxy",142,http://roytang.net/2008/10/bayan-dsl-proxy/,"Tech Life"
2008,10-10-2008,"links for 2008-10-10",18,http://roytang.net/2008/10/links-for-2008-10-10/,Links
2008,11-10-2008,"links for 2008-10-11",24,http://roytang.net/2008/10/links-for-2008-10-11/,Links
2008,11-10-2008,"GPT Taipei I *Top8*",1913,http://roytang.net/2008/10/gpt-taipei-i-top8/,"Magic the Gathering"
2008,12-10-2008,"links for 2008-10-12",25,http://roytang.net/2008/10/links-for-2008-10-12/,Links
2008,15-10-2008,"Every Wednesday is Hotdog Day!",25,http://roytang.net/2008/10/every-wednesday-is-hotdog-day/,Meta
2008,19-10-2008,"Starting out",142,http://roytang.net/2008/10/starting-out/,"Software Development"
2008,19-10-2008,"Roy on Django",6,http://roytang.net/2008/10/roy-on-django/,"Software Development"
2008,20-10-2008,"Playing with Generic Views and URLs",177,http://roytang.net/2008/10/playing-with-generic-views-and-urls/,"Software Development"
2008,21-10-2008,Imeem,103,http://roytang.net/2008/10/imeem/,"Tech Life"
2008,21-10-2008,"Philippine Airlines",548,http://roytang.net/2008/10/philippine-airlines/,"Software Development"
2008,21-10-2008,"Deployment Problems",164,http://roytang.net/2008/10/deployment-problems/,"Software Development"
2008,21-10-2008,"GPT Taipei II",793,http://roytang.net/2008/10/gpt-taipei-ii/,"Magic the Gathering"
2008,24-10-2008,"I left it for a while&#8230;",32,http://roytang.net/2008/10/i-left-it-for-a-while/,"Software Development"
2008,26-10-2008,django-tagging,200,http://roytang.net/2008/10/django-tagging/,"Software Development"
2008,30-10-2008,HamSandwich.dec,38,http://roytang.net/2008/10/hamsandwich-dec/,"Magic the Gathering"
2008,12-11-2008,"GPT Taipei IV",355,http://roytang.net/2008/11/gpt-taipei-iv/,"Magic the Gathering"
2008,12-11-2008,"links for 2008-11-12",40,http://roytang.net/2008/11/links-for-2008-11-12/,Links
2008,21-11-2008,"Free Flex Shirt from Adobe",90,http://roytang.net/2008/11/free-flex-shirt-from-adobe/,"Software Development"
2008,22-11-2008,"Drafting with Roy #1 (Triple Shards)",644,http://roytang.net/2008/11/drafting-with-roy-1-triple-shards/,"Magic the Gathering"
2008,22-11-2008,"PTQ Kyoto I",914,http://roytang.net/2008/11/ptq-kyoto-i/,"Magic the Gathering"
2008,23-11-2008,"Django Update &#8211; WordPress Import and More",242,http://roytang.net/2008/11/django-update-wordpress-import-and-more/,"Software Development"
2008,25-11-2008,"links for 2008-11-25",16,http://roytang.net/2008/11/links-for-2008-11-25/,Links
2008,29-11-2008,"links for 2008-11-29",9,http://roytang.net/2008/11/links-for-2008-11-29/,Links
2008,01-12-2008,"Fixing up the comments",470,http://roytang.net/2008/12/fixing-up-the-comments/,"Software Development"
2008,01-12-2008,"links for 2008-12-01",13,http://roytang.net/2008/12/links-for-2008-12-01/,Links
2008,06-12-2008,"Standard 06 Dec 2008 &#8211; Blightning Beatdown",706,http://roytang.net/2008/12/standard-06-dec-2008-blightning-beatdown/,"Magic the Gathering"
2008,20-12-2008,"My Phone Was Stolen",513,http://roytang.net/2008/12/my-phone-was-stolen/,"Just Another Day"
2008,20-12-2008,"FNM 19-Dec 2008",228,http://roytang.net/2008/12/fnm-19-dec-2008/,"Magic the Gathering"
2008,20-12-2008,PS3!,571,http://roytang.net/2008/12/ps3/,Gaming
2008,25-12-2008,"Transition to 2009",30,http://roytang.net/2008/12/transition-to-2009/,Meta
2008,26-12-2008,"roytang.net site update",188,http://roytang.net/2008/12/roytang-net-site-update/,Meta
2008,27-12-2008,"Colophon 2008",292,http://roytang.net/2008/12/colophon-2008/,"Software Development"
2008,27-12-2008,"PTQ Kyoto 2",444,http://roytang.net/2008/12/ptq-kyoto-2/,"Magic the Gathering"
2008,28-12-2008,"Syntax Highlighting using Pygments",71,http://roytang.net/2008/12/syntax-highlighting-using-pygments/,"Software Development"
2008,29-12-2008,"Speed Reading",82,http://roytang.net/2008/12/speed-reading/,Links
2008,31-12-2008,"Gaming in 2009",246,http://roytang.net/2008/12/gaming-in-2009/,Gaming
2009,01-01-2009,"COM Surrogate Has Stopped Working Error in Vista",81,http://roytang.net/2009/01/com-surrogate-has-stopped-working-error-in-vista/,"Software Development"
2009,04-01-2009,"Using Django Pingback",374,http://roytang.net/2009/01/using-django-pingback/,"Software Development"
2009,04-01-2009,"Valkyria Chronicles",386,http://roytang.net/2009/01/valkyria-chronicles/,Gaming
2009,21-01-2009,"Posting from my PSP",14,http://roytang.net/2009/01/posting-from-my-psp/,Meta
2009,01-02-2009,"Conflux Prerelease",1372,http://roytang.net/2009/02/conflux-prerelease/,"Magic the Gathering"
2009,01-02-2009,"Code Quality",566,http://roytang.net/2009/02/code-quality/,"Software Development"
2009,08-02-2009,"Conflux Release Event",650,http://roytang.net/2009/02/conflux-release-event/,"Magic the Gathering"
2009,08-02-2009,"Magic the Puzzling: Nicol Bolas",115,http://roytang.net/2009/02/magic-the-puzzling-nicol-bolas/,"Magic the Gathering"
2009,08-02-2009,"Star Ocean: Second Evolution",341,http://roytang.net/2009/02/star-ocean-second-evolution/,Gaming
2009,10-02-2009,"Zed Shaw &#8211; the ACL is Dead",104,http://roytang.net/2009/02/zed-shaw-the-acl-is-dead/,"Software Development"
2009,13-02-2009,"Street Fighter IV: My Fist Ur Face",35,http://roytang.net/2009/02/street-fighter-iv-my-fist-ur-face/,Gaming
2009,14-02-2009,"Stylesheet Switcher using Django",556,http://roytang.net/2009/02/stylesheet-switcher-using-django/,"Software Development"
2009,28-02-2009,"Street Fighter: The Legend of Chun Li",342,http://roytang.net/2009/02/street-fighter-the-legend-of-chun-li/,Movies
2009,01-03-2009,"Conflux Online Release Event (Return to MTGO)",766,http://roytang.net/2009/03/conflux-online-release-event-return-to-mtgo/,"Magic the Gathering"
2009,02-03-2009,"Street Fighter IV: The Answer Lies in the Heart of Battle",380,http://roytang.net/2009/03/street-fighter-iv-the-answer-lies-in-the-heart-of-battle/,Gaming
2009,08-03-2009,Watchmen,212,http://roytang.net/2009/03/watchmen/,Movies
2009,15-03-2009,"Sometimes You Just Go Where Your Feet Take You",1679,http://roytang.net/2009/03/sometimes-you-just-go-where-your-feet-take-you/,"Just Another Day"
2009,21-03-2009,"I Hate Trading",483,http://roytang.net/2009/03/i-hate-trading/,"Magic the Gathering"
2009,28-03-2009,"Standard on Mar 28",1890,http://roytang.net/2009/03/standard-on-mar-28/,"Magic the Gathering"
2009,05-04-2009,"Standard on April 4",376,http://roytang.net/2009/04/standard-on-april-4/,"Magic the Gathering"
2009,22-04-2009,"City Champs 09",476,http://roytang.net/2009/04/city-champs-09/,"Magic the Gathering"
2009,26-04-2009,"SSC Draft at ARB &amp;quot;Prerelease&amp;quot;",390,http://roytang.net/2009/04/ssc-draft-at-arb-quotprereleasequot/,"Magic the Gathering"
2009,03-05-2009,"Alara Reborn Prerelease (for real this time)",534,http://roytang.net/2009/05/alara-reborn-prerelease-for-real-this-time/,"Magic the Gathering"
2009,09-05-2009,"Alara Reborn Release",890,http://roytang.net/2009/05/alara-reborn-release/,"Magic the Gathering"
2009,18-05-2009,"Regionals 2009: Finest Hour *Top 8*",1011,http://roytang.net/2009/05/regionals-2009-finest-hour-top-8/,"Magic the Gathering"
2009,09-06-2009,"GPT Bangkok #1 Sealed Pool",339,http://roytang.net/2009/06/gpt-bangkok-1-sealed-pool/,"Magic the Gathering"
2009,12-06-2009,"I For One Welcome Our New Non-Damage Stacking Overlords",266,http://roytang.net/2009/06/i-for-one-welcome-our-new-non-damage-stacking-overlords/,"Magic the Gathering"
2009,22-06-2009,"A Quick Evaluation of the Upcoming Rules Changes",162,http://roytang.net/2009/06/a-quick-evaluation-of-the-upcoming-rules-changes/,"Magic the Gathering"
2009,23-06-2009,"Casual Fridays?",342,http://roytang.net/2009/06/casual-fridays/,"Just Another Day"
2009,02-07-2009,"We All Fall Short",381,http://roytang.net/2009/07/we-all-fall-short/,"Magic the Gathering"
2009,10-07-2009,"RIP Wrath of God",10,http://roytang.net/2009/07/rip-wrath-of-god/,"Magic the Gathering"
2009,03-08-2009,"GPT Bangkok #4 *1st*",1358,http://roytang.net/2009/08/gpt-bangkok-4-1st/,"Magic the Gathering"
2009,09-08-2009,"Thirty One",647,http://roytang.net/2009/08/thirty-one/,"Just Another Day"
2009,21-09-2009,"ACR Draft 8-4",523,http://roytang.net/2009/09/acr-draft-8-4/,"Magic the Gathering"
2009,27-09-2009,"Zendikar Prerelease and Limited Impressions",604,http://roytang.net/2009/09/zendikar-prerelease-and-limited-impressions/,"Magic the Gathering"
2009,03-10-2009,"Weekend Project #1: MTG Utils Decklist Sharing Tool",230,http://roytang.net/2009/10/weekend-project-1-mtg-utils-decklist-sharing-tool/,"Software Development"
2009,03-10-2009,"Decklist Sharing Tool",57,http://roytang.net/2009/10/decklist-sharing-tool/,"Magic the Gathering"
2009,08-10-2009,"MTGO PTQ San Diego Schedule (Manila Time)",85,http://roytang.net/2009/10/mtgo-ptq-san-diego-schedule-manila-time/,"Magic the Gathering"
2009,27-10-2009,"Zendikar Draft #1",535,http://roytang.net/2009/10/zendikar-draft-1/,"Magic the Gathering"
2009,27-12-2009,"New Comments System",72,http://roytang.net/2009/12/new-comments-system/,"Software Development"
2009,28-12-2009,"When Your Wallet Gets Stolen",772,http://roytang.net/2009/12/when-your-wallet-gets-stolen/,"Just Another Day"
2009,30-12-2009,"Nix Tix Alara Draft (Swiss): 3-0 and Draft Conversion Tools",227,http://roytang.net/2009/12/nix-tix-alara-draft-swiss-3-0-and-draft-conversion-tools/,"Magic the Gathering"
2010,09-04-2010,"By way of introduction",98,http://roytang.net/2010/04/by-way-of-introduction/,"Magic the Gathering"
2010,09-04-2010,"Rise of Eldrazi Review: Inquisition of Kozilek",567,http://roytang.net/2010/04/rise-of-eldrazi-review-inquisition-of-kozilek/,"Magic the Gathering"
2010,09-04-2010,"MTG Storm!",28,http://roytang.net/2010/04/mtg-storm/,"Magic the Gathering"
2010,18-04-2010,"Rise of Eldrazi Prerelease Report",1077,http://roytang.net/2010/04/rise-of-eldrazi-prerelease-report/,"Magic the Gathering"
2010,19-04-2010,"Rise of Eldrazi &#8211; Limited Impressions",291,http://roytang.net/2010/04/rise-of-eldrazi-limited-impressions/,"Magic the Gathering"
2010,07-05-2010,"Elections 2010 &#8211; My Ballot",635,http://roytang.net/2010/05/elections-2010-my-ballot/,Philippines
2010,10-05-2010,"Elections 2010 &#8211; Annoyances",466,http://roytang.net/2010/05/elections-2010-annoyances/,Philippines
2010,26-05-2010,"Rise of Eldrazi Draft &#8211; Kiln Fiend",1430,http://roytang.net/2010/05/rise-of-eldrazi-draft-kiln-fiend/,"Magic the Gathering"
2010,07-06-2010,"Coming Back to Writing",500,http://roytang.net/2010/06/coming-back-to-writing/,Writing
2010,08-06-2010,"The Setup",570,http://roytang.net/2010/06/the-setup/,"Tech Life"
2010,22-06-2010,"On Working",607,http://roytang.net/2010/06/on-working/,"Just Another Day"
2010,25-06-2010,"Free Time",311,http://roytang.net/2010/06/free-time/,"Just Another Day"
2010,21-07-2010,"Weekend Project: Stack Bragger",406,http://roytang.net/2010/07/weekend-project-stack-bragger/,"Software Development"
2010,23-07-2010,"What Am I Doing Now?",647,http://roytang.net/2010/07/what-am-i-doing-now/,"Just Another Day"
2010,04-08-2010,"M11 Sealed &#8211; You Make the Play",116,http://roytang.net/2010/08/m11-sealed-you-make-the-play/,"Magic the Gathering"
2010,09-08-2010,"The Fifth Power",52,http://roytang.net/2010/08/the-fifth-power/,"Just Another Day"
2010,24-08-2010,"A Few Thoughts on Yesterday&#8217;s Hostage Drama From Yet Another Armchair Observer",579,http://roytang.net/2010/08/a-few-thoughts-on-yesterdays-hostage-drama-from-yet-another-armchair-observer/,"Just Another Day"
2010,25-09-2010,"Scars of Mirrodin Prerelease Report!",1191,http://roytang.net/2010/09/scars-of-mirrodin-prerelease-report/,"Magic the Gathering"
2010,24-10-2010,"iPad: First Impressions and Snap Judgments",1002,http://roytang.net/2010/10/ipad-first-impressions-and-snap-judgments/,"Tech Life"
2010,23-11-2010,"Randomly Amazed",701,http://roytang.net/2010/11/randomly-amazed/,"Just Another Day"
2010,20-12-2010,"A Christmas Story",960,http://roytang.net/2010/12/a-christmas-story/,"Just Another Day"
2011,30-03-2011,"Maybe I&#8217;m just heartless&#8230;",47,http://roytang.net/2011/03/maybe-im-just-heartless/,"Just Another Day"
2011,07-06-2011,Singapore,712,http://roytang.net/2011/06/singapore/,Travels
2011,08-06-2011,"Grand Prix Singapore Tournament Report",2091,http://roytang.net/2011/06/grand-prix-singapore-tournament-report/,"Magic the Gathering"
2011,24-06-2011,"X-Men, Green Lantern and a little bit of Batman",873,http://roytang.net/2011/06/x-men-green-lantern-and-a-little-bit-of-batman/,Comics
2011,31-07-2011,"Dear Citibank, About Your New Website&#8230;",264,http://roytang.net/2011/07/dear-citibank-about-your-new-website/,"Just Another Day"
2011,31-12-2011,"2011 in Review. Sort of. I guess.",450,http://roytang.net/2011/12/2011-in-review-sort-of-i-guess/,"Just Another Day"
2012,27-05-2012,"The DC New 52 Review (Part 1)",1042,http://roytang.net/2012/05/the-dc-new-52-review-part-1/,Comics
2012,29-05-2012,"CJ Corona Impeached",1022,http://roytang.net/2012/05/cj-corona-impeached/,Opinions
2012,03-06-2012,"DC New 52 Review Part 2: Batman and Gotham",1503,http://roytang.net/2012/06/dc-new-52-review-part-2-batman-and-gotham/,Comics
2012,19-06-2012,"Grand Prix Manila 2012",669,http://roytang.net/2012/06/grand-prix-manila-2012/,"Magic the Gathering"
2012,21-06-2012,"The DC New 52 Review Part 3: Everything Else",883,http://roytang.net/2012/06/the-dc-new-52-review-part-3-everything-else/,Comics
2012,13-07-2012,Cheetergarmi,96,http://roytang.net/2012/07/cheetergarmi/,"Just Another Day"
2012,24-11-2012,"On writing regularly and reading comic books",342,http://roytang.net/2012/11/on-writing-regularly-and-reading-comic-books/,Comics
2013,08-02-2013,"Unscheduled trip down memory lane",1380,http://roytang.net/2013/02/unscheduled-trip-down-memory-lane/,"Random Memories"
2013,24-03-2013,"Scenes from a Quiz Night",1887,http://roytang.net/2013/03/scenes-from-a-quiz-night/,"Just Another Day"
2013,25-04-2013,"Nancy and the Elections: A Fictional Dialogue",1670,http://roytang.net/2013/04/nancy-and-the-elections-a-fictional-dialogue/,"Just Another Day"
2013,01-05-2013,"Even more ramblings about the elections",1245,http://roytang.net/2013/05/even-more-ramblings-about-the-elections/,"Just Another Day"
2013,11-05-2013,"PHVote: Choosing your 2013 Senators and Party List",482,http://roytang.net/2013/05/phvote-choosing-your-2013-senators-and-party-list/,"Just Another Day"
2013,10-06-2013,"Handheld Gaming 2013: Playstation Vita vs Nintendo 3DS",564,http://roytang.net/2013/06/handheld-gaming-2013-playstation-vita-vs-nintendo-3ds/,Gaming
2013,15-06-2013,"Movie Review: Man of Steel (Spoilers!)",1466,http://roytang.net/2013/06/movie-review-man-of-steel-spoilers/,Opinions
2013,28-12-2013,"2013 &#8211; Books and Games",615,http://roytang.net/2013/12/2013-books-and-games/,Gaming
2014,05-05-2014,"The Amazing Spider-Man 2 Review!",931,http://roytang.net/2014/05/the-amazing-spider-man-2-review/,Comics
2014,09-08-2014,Thirty-Six,221,http://roytang.net/2014/08/thirty-six/,"Just Another Day"
2014,09-11-2014,"Text spam, mobile number privacy and arguing over the internet",1213,http://roytang.net/2014/11/text-spam-mobile-number-privacy-and-arguing-over-the-internet/,"Just Another Day"
2015,11-02-2015,"Grand Prix Manila 2015",615,http://roytang.net/2015/02/grand-prix-manila-2015/,"Magic the Gathering"
2015,28-03-2015,"Europe Trip 2015",674,http://roytang.net/2015/03/europe-trip-2015/,Travels
2015,09-04-2015,"Europe 2015: Barcelona Part 1",1963,http://roytang.net/2015/04/europe-2015-barcelona-part-1/,Travels
2015,12-04-2015,"Europe 2015: Barcelona Part 2",1776,http://roytang.net/2015/04/europe-2015-barcelona-part-2/,Travels
2015,25-04-2015,"Europe 2015: Rome and Vatican City",1980,http://roytang.net/2015/04/europe-2015-rome-and-vatican-city/,Travels
2015,03-05-2015,"Europe 2015: Rome Part 2 and Paris Part 1",1569,http://roytang.net/2015/05/europe-2015-rome-part-2-and-paris-part-1/,Travels
2015,30-05-2015,"Europe 2015: Paris Part, Versailles and Barcelona Again",1458,http://roytang.net/2015/05/europe-2015-paris-part-2-and-versailles/,Travels
2015,29-06-2015,"GP Singapore 2015",709,http://roytang.net/2015/06/gp-singapore-2015/,"Magic the Gathering"
2015,09-08-2015,Thirty-Seven,173,http://roytang.net/2015/08/thirty-seven/,"Just Another Day"
2015,31-08-2015,"Grand Prix London 2015",618,http://roytang.net/2015/08/grand-prix-london-2015/,"Magic the Gathering"
2015,19-11-2015,"Travel anxiety",967,http://roytang.net/2015/11/travel-anxiety/,Travels
2016,13-01-2016,"Comparing Singapore and PH: Apples and Oranges",591,http://roytang.net/2016/01/comparing-singapore-and-ph-apples-and-oranges/,Philippines
2016,15-03-2016,"Sketching Daily",919,http://roytang.net/2016/03/sketching-daily/,"Just Another Day"
2016,02-05-2016,"Elections 2016 &#8211; My Ballot",1324,http://roytang.net/2016/05/elections-2016-my-ballot/,Philippines
2016,18-05-2016,"Test Post",15,http://roytang.net/2016/05/test-post/,Meta
2016,18-05-2016,"Stellaris (Review)",1370,http://roytang.net/2016/05/stellaris-review/,Gaming
2016,20-05-2016,"X-Men Apocalypse Review (Spoiler-Free)",171,http://roytang.net/2016/05/x-men-apocalypse-review-spoiler-free/,Comics
2016,24-05-2016,"Debating On The Internet",811,http://roytang.net/2016/05/debating-on-the-internet/,Opinions
2016,26-05-2016,"Origin Story",1049,http://roytang.net/2016/05/origin-story/,"Software Development"
2016,31-05-2016,"Hearthstone vs MTG",1757,http://roytang.net/2016/05/hearthstone-vs-mtg/,Gaming
2016,02-06-2016,"You Are Not Your Code",325,http://roytang.net/2016/06/you-are-not-your-code/,"Software Development"
2016,07-06-2016,Immortality,350,http://roytang.net/2016/06/immortality/,Opinions
2016,09-06-2016,"The Programming Application Process",949,http://roytang.net/2016/06/the-programming-application-process/,"Software Development"
2016,14-06-2016,"Password Security for Dummies",1317,http://roytang.net/2016/06/password-security-for-dummies/,"Tech Life"
2016,16-06-2016,"Password Security for Application Developers",704,http://roytang.net/2016/06/password-security-for-application-developers/,"Software Development"
2016,21-06-2016,"Everyone is Biased",602,http://roytang.net/2016/06/everyone-is-biased/,Opinions
2016,23-06-2016,"Working with Testers",1171,http://roytang.net/2016/06/working-with-testers/,"Software Development"
2016,28-06-2016,"Ice Candy",734,http://roytang.net/2016/06/ice-candy/,"Random Memories"
2016,30-06-2016,"Performance Optimization for WordPress Blogs",934,http://roytang.net/2016/06/performance-optimization-for-wordpress-blogs/,"Software Development"
2016,05-07-2016,"Continuous Learning",497,http://roytang.net/2016/07/continuous-learning/,Opinions
2016,07-07-2016,"Web Security: File Upload Vulnerabilities",666,http://roytang.net/2016/07/web-security-file-upload-vulnerabilities/,"Software Development"
2016,12-07-2016,"Dealing with Failure",372,http://roytang.net/2016/07/dealing-with-failure/,Opinions
2016,14-07-2016,Certifications,968,http://roytang.net/2016/07/certifications/,"Software Development"
2016,19-07-2016,"Evolution of Society",470,http://roytang.net/2016/07/evolution-of-society/,Opinions
2016,21-07-2016,"Learning to SQL",1144,http://roytang.net/2016/07/learning-to-sql/,"Software Development"
2016,26-07-2016,"The Promise of Social Media",553,http://roytang.net/2016/07/the-promise-of-social-media/,Opinions
2016,28-07-2016,"Evaluation of Programmer Performance",650,http://roytang.net/2016/07/evaluation-of-programmer-performance/,"Software Development"
2016,02-08-2016,"Motivation vs Discipline",192,http://roytang.net/2016/08/motivation-vs-discipline/,"Just Another Day"
2016,04-08-2016,"Pros and Cons of a Career in Programming",404,http://roytang.net/2016/08/pros-and-cons-of-a-career-in-programming/,"Software Development"
2016,09-08-2016,"Thirty Eight",566,http://roytang.net/2016/08/thirty-eight/,"Just Another Day"
2016,11-08-2016,"Living With Development Standards",1186,http://roytang.net/2016/08/living-with-development-standards/,"Software Development"
2016,13-08-2016,"Review: Stranger Things",360,http://roytang.net/2016/08/review-stranger-things/,Opinions
2016,16-08-2016,"Internet History",511,http://roytang.net/2016/08/internet-history/,Philippines
2016,18-08-2016,"Programming is Finding the Right Arrangement of Code",731,http://roytang.net/2016/08/programming-is-finding-the-right-arrangement-of-code/,"Software Development"
2016,20-08-2016,"We Must Speak",901,http://roytang.net/2016/08/we-must-speak/,Opinions
2016,23-08-2016,"The Things We Learn In School",459,http://roytang.net/2016/08/the-things-we-learn-in-school/,Opinions
2016,25-08-2016,"The Secrets to Perfect Estimates",797,http://roytang.net/2016/08/the-secrets-to-perfect-estimates/,"Software Development"
2016,30-08-2016,"Some days you are tired",263,http://roytang.net/2016/08/some-days-you-are-tired/,"Just Another Day"
2016,01-09-2016,"The No. 1 Problem in Software Projects",402,http://roytang.net/2016/09/the-no-1-problem-in-software-projects/,"Software Development"
2016,06-09-2016,"Random Thoughts on Time",641,http://roytang.net/2016/09/random-thoughts-on-time/,Opinions
2016,08-09-2016,"Will AI replace all our jobs?",492,http://roytang.net/2016/09/will-ai-replace-all-our-jobs/,"Software Development"
2016,13-09-2016,Pain,420,http://roytang.net/2016/09/pain/,"Random Memories"
2016,15-09-2016,Overtime,368,http://roytang.net/2016/09/overtime/,"Software Development"
2016,20-09-2016,"Speak Up",324,http://roytang.net/2016/09/speak-up/,Opinions
2016,22-09-2016,"Overhead scales up rapidly in software projects",318,http://roytang.net/2016/09/overhead-scales-up-rapidly-in-software-projects/,"Software Development"
2016,26-09-2016,"Investigating the Drug Killings",1363,http://roytang.net/2016/09/investigating-the-drug-killings/,Philippines
2016,27-09-2016,"Lying and Salesmanship",429,http://roytang.net/2016/09/lying-and-salesmanship/,Opinions
2016,29-09-2016,"Type Interfaces Matter",170,http://roytang.net/2016/09/type-interfaces-matter/,"Software Development"
2016,04-10-2016,"Appearances and Diplomacy",438,http://roytang.net/2016/10/appearances-and-diplomacy/,Opinions
2016,06-10-2016,"A Programmer&#8217;s Hubris",404,http://roytang.net/2016/10/a-programmers-hubris/,"Software Development"
2016,11-10-2016,"Large Projects and Losing Focus",780,http://roytang.net/2016/10/large-projects-and-losing-focus/,"Just Another Day"
2016,13-10-2016,"Coding Frameworks",850,http://roytang.net/2016/10/coding-frameworks/,"Software Development"
2016,18-10-2016,"Introspection and Self-Awareness",236,http://roytang.net/2016/10/introspection-and-self-awareness/,Opinions
2016,20-10-2016,"Favor Composition Over Inheritance",649,http://roytang.net/2016/10/favor-composition-over-inheritance/,"Software Development"
2016,25-10-2016,"Daily Habits",490,http://roytang.net/2016/10/daily-habits/,Self-Improvement
2016,27-10-2016,"It Should Be Easy, Right?",359,http://roytang.net/2016/10/it-should-be-easy-right/,"Software Development"
2016,01-11-2016,"Feedback Loops",757,http://roytang.net/2016/11/feedback-loops/,Self-Improvement
2016,03-11-2016,"Software Development Feedback Loops",600,http://roytang.net/2016/11/software-development-feedback-loops/,"Software Development"
2016,08-11-2016,"Whatever Doesn&#8217;t Kill You Only Makes You Stronger",151,http://roytang.net/2016/11/whatever-doesnt-kill-you-only-makes-you-stronger/,Opinions
2016,10-11-2016,"Be Willing To Throw Prototypes Away",280,http://roytang.net/2016/11/be-willing-to-throw-prototypes-away/,"Software Development"
2016,15-11-2016,"Bad news",289,http://roytang.net/2016/11/bad-news/,Opinions
2016,17-11-2016,"Unclear error messages",586,http://roytang.net/2016/11/unclear-error-messages/,"Software Development"
2016,22-11-2016,"Wizard&#8217;s First Rule and Demagoguery",328,http://roytang.net/2016/11/wizards-first-rule/,Opinions
2016,24-11-2016,"Your Product Should Be Easy to Install",369,http://roytang.net/2016/11/your-product-should-be-easy-to-install/,"Software Development"
2016,29-11-2016,"Are you willing to accept criticism?",193,http://roytang.net/2016/11/are-you-willing-to-accept-criticism/,Opinions
2016,01-12-2016,"Javascript: References to out-of-scope variables.",194,http://roytang.net/2016/12/javascript-references-to-out-of-scope-variables/,JavaScript
2016,06-12-2016,"Nanowrimo 2016 Post-Mortem",1625,http://roytang.net/2016/12/nanowrimo-2016-post-mortem/,Writing
2016,08-12-2016,"Power Distance in Software Development",356,http://roytang.net/2016/12/power-distance-in-software-development/,"Software Development"
2016,13-12-2016,"Nine Ways to Work Around Mental Blocks",640,http://roytang.net/2016/12/nine-ways-to-work-around-mental-blocks/,Writing
2016,15-12-2016,"Generalists and Specialists in Dev Teams",321,http://roytang.net/2016/12/generalists-and-specialists-in-dev-teams/,"Software Development"
2016,20-12-2016,"Learning New Skills",844,http://roytang.net/2016/12/learning-new-skills/,Self-Improvement
2016,22-12-2016,"Learning a New Programming Language",587,http://roytang.net/2016/12/learning-a-new-programming-language/,"Software Development"
2016,27-12-2016,Decluttering,361,http://roytang.net/2016/12/decluttering/,"Just Another Day"
2016,29-12-2016,"Cleaning up your Code",297,http://roytang.net/2016/12/cleaning-up-your-code/,"Software Development"
2016,30-12-2016,"Review: Xenoblade Chronicles X",235,http://roytang.net/2016/12/review-xenoblade-chronicles-x/,Gaming
2017,01-01-2017,"New Year&#8217;s Checklist",262,http://roytang.net/2017/01/new-years-checklist/,Opinions
2017,03-01-2017,"My 2016 in numbers",257,http://roytang.net/2017/01/my-2016-in-numbers/,"Just Another Day"
2017,05-01-2017,"Client and Server Validation in Web applications",435,http://roytang.net/2017/01/client-and-server-validation-in-web-applications/,"Software Development"
2017,10-01-2017,"Thoughts on Authoritarianism vs Democracy",611,http://roytang.net/2017/01/thoughts-on-authoritarianism-vs-democracy/,Opinions
2017,11-01-2017,"The Simplest Code That Can Do The Job",342,http://roytang.net/2017/01/the-simplest-code-that-can-do-the-job/,Python
2017,17-01-2017,"Online Discussions, Opposing Views, and Street Fighter",484,http://roytang.net/2017/01/online-discussions-opposing-views-and-street-fighter/,Opinions
2017,19-01-2017,"Qualities to Look for in a Software Developer",370,http://roytang.net/2017/01/qualities-to-look-for-in-a-software-developer/,"Software Development"
2017,24-01-2017,"Notes on Decision Making",709,http://roytang.net/2017/01/notes-on-decision-making/,Opinions
2017,26-01-2017,"Problems in Large Software Dev Teams",627,http://roytang.net/2017/01/problems-in-large-software-dev-teams/,"Software Development"
2017,31-01-2017,"12 Signs You Should Think About Leaving Your Job",298,http://roytang.net/2017/01/12-signs-you-should-think-about-leaving-your-job/,Opinions
2017,02-02-2017,"Handling unexpected errors in web applications",851,http://roytang.net/2017/02/handling-unexpected-errors-in-web-applications/,"Software Development"
2017,07-02-2017,"Gaming Walkthroughs",1087,http://roytang.net/2017/02/gaming-walkthroughs/,Gaming
2017,09-02-2017,"Working with Client-Server Programs",1296,http://roytang.net/2017/02/working-with-client-server-programs/,"Software Development"
2017,14-02-2017,War,198,http://roytang.net/2017/02/war/,Opinions
2017,16-02-2017,"Integrating Open Source Libraries",587,http://roytang.net/2017/02/integrating-open-source-libraries/,"Software Development"
2017,18-02-2017,"Review: Duelyst",1432,http://roytang.net/2017/02/review-duelyst/,Gaming
2017,21-02-2017,"Write Smarter, Not Harder",401,http://roytang.net/2017/02/write-smarter-not-harder/,Writing
2017,23-02-2017,"Weekend Project: Twitter Trivia Bot",271,http://roytang.net/2017/02/weekend-project-twitter-trivia-bot/,Projects
2017,28-02-2017,Boxes,324,http://roytang.net/2017/02/boxes/,Opinions
2017,02-03-2017,"Running Python 2.x and 3.x on Windows",114,http://roytang.net/2017/03/running-python-2-x-and-3-x-on-windows/,Python
2017,07-03-2017,"Planning / Reacting / Relaxing",73,http://roytang.net/2017/03/planning-reacting-relaxing/,"Just Another Day"
2017,08-03-2017,"Sony 4K HDR Bravia X8000D",453,http://roytang.net/2017/03/sony-4k-hdr-bravia-x8000d/,Hardware
2017,09-03-2017,"Fake Devs and Whiteboard Interviews",564,http://roytang.net/2017/03/fake-devs-and-whiteboard-interviews/,"Software Development"
2017,14-03-2017,"Scary Movies and Games",333,http://roytang.net/2017/03/scary-movies-and-games/,Gaming
2017,16-03-2017,"Google Code Jam and Competitive Programming",547,http://roytang.net/2017/03/google-code-jam-and-competitive-programming/,"Software Development"
2017,18-03-2017,"Review: Final Fantasy XV",1560,http://roytang.net/2017/03/review-final-fantasy-xv/,Gaming
2017,28-03-2017,Paella,422,http://roytang.net/2017/03/paella/,"Just Another Day"
2017,06-04-2017,"MarkLogic NoSQL",959,http://roytang.net/2017/04/marklogic-nosql/,"Software Development"
2017,03-05-2017,"Review: Guardians of the Galaxy Vol 2",448,http://roytang.net/2017/05/review-guardians-of-the-galaxy-vol-2/,Movies
2017,05-06-2017,"Blogging and Social Media",1195,http://roytang.net/2017/06/blogging-and-social-media/,Opinions
2017,10-06-2017,"Review: Persona 5 (You Never Saw It Coming)",733,http://roytang.net/2017/06/review-persona-5-you-never-saw-it-coming/,Gaming
2017,13-06-2017,"Tokyo, Redux",1019,http://roytang.net/2017/06/tokyo-redux/,Travels
2017,15-06-2017,"Grand Prix Manila 2017",1355,http://roytang.net/2017/06/grand-prix-manila-2017/,"Magic the Gathering"
2017,20-06-2017,"A Bus Ride in Metro Manila",1274,http://roytang.net/2017/06/a-bus-ride-in-metro-manila/,"Just Another Day"
2017,22-06-2017,"Web Frameworks &#8211; Open Source or Roll Your Own?",792,http://roytang.net/2017/06/web-frameworks-open-source-or-roll-your-own/,"Software Development"
2017,27-06-2017,Adulting,488,http://roytang.net/2017/06/adulting/,"Just Another Day"
2017,29-06-2017,"Software Development and Government",437,http://roytang.net/2017/06/software-development-and-government/,Philippines
2017,04-07-2017,"Pisay (the movie)",383,http://roytang.net/2017/07/pisay-the-movie/,Movies
2017,06-07-2017,"Hardware Review: Steam Link",628,http://roytang.net/2017/07/hardware-review-steam-link/,Gaming
2017,09-08-2017,"Thirty Nine",162,http://roytang.net/2017/08/thirty-nine/,"Just Another Day"
2017,12-08-2017,Compartmentalization,509,http://roytang.net/2017/08/compartmentalization/,"Just Another Day"
2017,22-12-2017,"Singapore 2017",1877,http://roytang.net/2017/12/singapore-2017/,Travels
2017,23-12-2017,"Grand Prix Singapore 2017 Tournament Report",1002,http://roytang.net/2017/12/grand-prix-singapore-2017-tournament-report/,Limited
2017,28-12-2017,"My Coding Approach",926,http://roytang.net/2017/12/my-coding-approach/,"Software Development"
2018,01-01-2018,"My 2017 in numbers",600,http://roytang.net/2018/01/my-2017-in-numbers/,"Just Another Day"
2018,06-01-2018,"New Year&#8217;s Resolution: Do at least one personally productive thing per day",559,http://roytang.net/2018/01/new-years-resolution-do-at-least-one-personally-productive-thing-per-day/,Self-Improvement
2018,01-02-2018,"Trying out 3d Modelling with Blender",413,http://roytang.net/2018/02/trying-out-3d-modelling-with-blender/,"Learning Things"
2018,08-02-2018,"Globe&#8217;s Fair Use Policy and the &#8220;Rotten Bananas&#8221;, four years later",534,http://roytang.net/2018/02/globes-fair-use-policy-and-the-rotten-bananas-four-years-after/,"Tech Life"
